"X","start","end","width","seq","strand","class","region.name","seq.name"
1,18201,18358,158,"ACTACCTTGTGATGTGTGGAATCATCTCACAGAGTTAAACCACCCTTTTTATTGAGCAGGTTGGAAACACTTTTTGGAGAATATACAAAGGGACATTGGGAGCCCATTGTGGCCTATGGAAAAAAACACTAATATTCCTGGATAAAAACTAGAAAGAA","-",NA,"CP068268_39050443_39150442.fa_CP068268_39050443_39150442","CP068268_39050443_39150442"
2,18359,18528,170,"AGTGCTTTGTCATGTGTGGATTTATCTGAAGTTAAAACTTTCTTTTGATTCACCAGGTTGGAAACACTCTTTGTGGAAAATCTGTGAAGGGACATTAGGGAGCGCTTTTAGGCCTATGGGGCGAAACCGAAATATCCCCAGATAAAAACTAGGAAGAAGTTATCTGTGAA","-",NA,"CP068268_39050443_39150442.fa_CP068268_39050443_39150442","CP068268_39050443_39150442"
3,18529,18698,170,"AGTGAGGTGATGTGTGGATTCATTTCATAGAGCAAAACCCTTCTTTTGATTCAGCAGGTTGGAAACACTCTTTTTTAGAAAATCTGCAAAGCGACATTTGGGATCCCATTGAGGCCTATGGGGAAAATCTGAATATCCCAGATAAAAACTTGAAGGAAGCTATCTGTGAA","-",NA,"CP068268_39050443_39150442.fa_CP068268_39050443_39150442","CP068268_39050443_39150442"
4,18699,18868,170,"ACTGCTTTGTAATGTGTGGATTCATCTTACCAAGTTAAAACTTTCTTTTCATTCAGCAGGTTGAAACACTCTTTTTAGAGAATCTATGAAGGAACATTTGGGAGCCCTTTGAGGCCTATGGAGAAAAACTGAATATCCCAACATGGAAACTCAAAGAAGCTATGTGTGAA","-",NA,"CP068268_39050443_39150442.fa_CP068268_39050443_39150442","CP068268_39050443_39150442"
5,18869,19027,159,"ATATATGTATTTATTTCACAGTTAAACCATTCTTTTGACTCAGCAGGTTGGAAACACTCTTTTAGGAGAATATGCTAAGGGACACTTGGGAGCCCATTTAGGCCTATGTGGAAAAGCCAAATACCCCCAGATATAAACTAGAAAGAAGCTACCTGTGAA","-",NA,"CP068268_39050443_39150442.fa_CP068268_39050443_39150442","CP068268_39050443_39150442"
6,19028,19183,156,"ACTGCTTTGTGATATGTGGATTCATCTCACAGAGTTGAACCTTTCCTTTGATTCAGCAGGTTGAAAACACTCTTTTTAGAGGATCTGCAAAGAAACATTTGGGAGCCCTTTGAGGCCTATGGGGATAAATCTAATATCCCATGTGAAACTGATGTG","-",NA,"CP068268_39050443_39150442.fa_CP068268_39050443_39150442","CP068268_39050443_39150442"
7,19184,19356,173,"AATACTTTGTTATGTGTGGATTCATCTCAGAGAGTTAAACCACTCTTTTGATTCAGTATGTTGGAAACACTTTTTGGAGAATATGCAAAGGGACAATTTGGAGCCCATTGTGGCCTATGGGGAAAAAAAACTAATATCACTGGATAAAAACTAAAAAGAAAGCTATCTGTGAA","-",NA,"CP068268_39050443_39150442.fa_CP068268_39050443_39150442","CP068268_39050443_39150442"
8,19357,19530,174,"AGTGCTTTGTGATGTGTGGATTTATCTTGCAGGGTTAAACCTTTCTTCCGTTTCACCACGTTGGAAACACTCTTTGTGGAAAATCTGTGAAGGGACATTTGGGAGTGCTTTAAGGCCTATGGAGCAAAACCGAAATAACCCGAGATTAAAAACTAAGAAGAAGCTATCTGTGAA","-",NA,"CP068268_39050443_39150442.fa_CP068268_39050443_39150442","CP068268_39050443_39150442"
9,19531,19699,169,"AGTGATGTGAGGTGTGTATTCATTTTACAGAGTAAAACCATTCTTTTGATTCAGCAGGTTGGAAACACTCTTTTTGGAGGATCTGTGAAGGGACATTTGGGATTCCATTGAGGCCTTTTGGGAAAAACTGAATATCACAGATACAAACTTGAAAGAATCTATCTGTGAA","-",NA,"CP068268_39050443_39150442.fa_CP068268_39050443_39150442","CP068268_39050443_39150442"
10,19700,19871,172,"ACTGCTTTGTGATGTGTGGATTCATCTTACAGAGTTAAACCTGTCCTGTGATTCAGCAAGTTGAAAACACTCTTTTTAGAGAATCTACAAAGGAATATTTGGGAGCCCTTTGAGGCCTATGGAGAAAAACTGAATATCCCAAGATAGAAACTCAAAAGAAGCTATATGTGAA","-",NA,"CP068268_39050443_39150442.fa_CP068268_39050443_39150442","CP068268_39050443_39150442"
11,19872,20053,182,"ACTCCCTTGTGAGTTGTGTGAGGTGTGGGTTCATCTCTCAGAATTAAAACTTTATTTTGATTAAGCAGGGTTAGAAACACTCATTTAGGAGAATCTGCAAAGGGATATATTGAAACCCATTGAGGCCTATGGAGAAAAACCAAATTACACCAGTGAAACAATAGAAAGAATCTATCTGTGAA","-",NA,"CP068268_39050443_39150442.fa_CP068268_39050443_39150442","CP068268_39050443_39150442"
12,20054,20225,172,"ACTGCTTTGTGATATGTGGATTCATCTTACAGAGTTAAAACTTTCTTTTGATTCAGAAAGTTAGAAACATTCTTTTGGTAGAATCTGCAAAGGGACTTTTGGGAGTTGTTTGAGGCCTATATGGAAAGGCTGAATATTCTGAGATCAAAACTAGAACATAGGTCTTCATGAA","-",NA,"CP068268_39050443_39150442.fa_CP068268_39050443_39150442","CP068268_39050443_39150442"
13,20226,20397,172,"ACTGCTTTGTGATGTGTGGATTCATGTCACAGGGTTTAACATTTATTTTGATTCAGCAGATTGGAACCACTCTTTCTGGAGAATCTGCAAATGGACATTTGGGAGCCCCTTGAGGCCTATGAGTAAAAACCGAATATCCCCATATAAAAACTAGAAAGAAACTATCTGTGAA","-",NA,"CP068268_39050443_39150442.fa_CP068268_39050443_39150442","CP068268_39050443_39150442"
14,20398,20569,172,"CCTGCTTTGTGATACATGGATTCATCTCACAGAGATAAACCTTTCTTTAGATTAAGCAGGTTGAAAACACTCTTTTTGGATAATGTGTGAAGGAACACTTGGGAGCCCATTGAGGCCTATGGGTAAAAATGAAATATCCACAGAAAACAACTAGAAAGAAGCTATTTTTGAA","-",NA,"CP068268_39050443_39150442.fa_CP068268_39050443_39150442","CP068268_39050443_39150442"
15,20570,20734,165,"ACTGTTGTGACGTGTGGATTCAGGTCACAGAGTTAAACCATTCTTTTGATTCAGCAGGTGGGAAACACTCTTTTTGGAGAATCTGTGGATGGACTTTTCAGAGCCCATTATCACCTATGGGGAAAACCAAATATCTCCAGATAAAAACCAGAAAGAAACTGTTAA","-",NA,"CP068268_39050443_39150442.fa_CP068268_39050443_39150442","CP068268_39050443_39150442"
16,20735,20905,171,"ACTGCTTGAAATATGTGGATTCATGTCACAGAGATAAACGTTTCTCTTGATGCGGCAGGTTGAAAACACTCCTTTTGCAGAATCTATGAATGAACATTTGGGAGCCCATTGAGGTGTATGGGGAAAAACTGGATATCCTAAGATAGAAACTCCAAAGAATTTATGTGGGAA","-",NA,"CP068268_39050443_39150442.fa_CP068268_39050443_39150442","CP068268_39050443_39150442"
17,20906,21077,172,"ACTCTTTTGTGATATGTGGATTCATCTCAAAGAGTTAAAGTATTCTTTTGATTCAGTAGATTGGAAACACTTTTTGGAGAATATGTGAAGGGAAATTTTTGAGCCCATTGTGGCCTAAGGAAAAAAAAATGGAATATCTCCTGAAAAAAACTAGACAGAAGTTCTCTGTGAA","-",NA,"CP068268_39050443_39150442.fa_CP068268_39050443_39150442","CP068268_39050443_39150442"
18,21078,21253,176,"ACTGGATTGTGATGTGTGGTTTCATCTCAGAGAATTAAAACTTTCTTTTGATTCAGCAGGTTGAAAACACTCTTTTCAAAGTATCTCTGAAGGGATATTTTGGAACCCATTGGGACCTAAGGGGGAAAAAAAACGAATATCCCCAGGAAAAAAACTCAAATGAAGCTGTCTGTGGA","-",NA,"CP068268_39050443_39150442.fa_CP068268_39050443_39150442","CP068268_39050443_39150442"
19,21254,21426,173,"CTCTGCTTTGTGATGTGTCGATTCTTCCCACAGAGTTAAAACTTTCTTTCAATTTAGCAGTTTGGAAACACTCTTTGTGGAAAATCTGTGAAGGGACACATGGGAGCCCATTAAGGCCTATAAGAAAAAGTTGAATATCCTTTGATAAAAACTGAAAAGAAACAAACTGTGAA","-",NA,"CP068268_39050443_39150442.fa_CP068268_39050443_39150442","CP068268_39050443_39150442"
20,21427,21597,171,"ACTGCTTTGTGACGTGTGGATTTACCTCCCAGAGGTAAACCTTTCTTTTGTTTCAGCATGTTGGAAACACTCTTTTTGGATAATCTGTGAATGGACATTTGGGAACCCATTGAAGCCTATCGGGAAAAACAGAATAACGCCAGAAAAAAACTAGAACGAAGCTATCTGTGA","-",NA,"CP068268_39050443_39150442.fa_CP068268_39050443_39150442","CP068268_39050443_39150442"
1,23994,24163,170,"ACTGCTTTGTGATGGGTGGATTTATCTCACAGAGTCAAACCATTCTTCTGATACAGCAGGTTGGAAATACTCTTTATGGACAATCTGCAAAGGGATATTTGGGAGCCCAATGATGCCTTTGGGAAAAGAGTGAATATCCCCAGATAAAAACTATAAAGAAGTGAAGGTGA","-",NA,"CP068268_39050443_39150442.fa_CP068268_39050443_39150442","CP068268_39050443_39150442"
2,24164,24335,172,"AACTCTTTTCTGATGTGTGGATTCATCTCACAGAGTTAAACTTTTCTTTTAACTCAGTAGGTTGGAAACACATTTTTTGGATAATCTGTGAAGGGATATTTGCAGCCCATTGAAGCCCATGGGGAAAAATCAAATATCCCCAGATAAAAACTAGAAAGAAGCATTCCATGGA","-",NA,"CP068268_39050443_39150442.fa_CP068268_39050443_39150442","CP068268_39050443_39150442"
3,24336,24503,168,"ATTGCTTTTTGATGTGTGGATTAATCTTACAGAAGAAATCTTTTCTATGATTCAGCAGGTTGCAATCACTCTTTTGGAGAATTTGCAAAGTGATATTTTGGAGCTCATTGATGCCAGTTGGTAAATCAGAATATCCCCAAATAAAAACCAGAAGGAAGCTATATGCAA","-",NA,"CP068268_39050443_39150442.fa_CP068268_39050443_39150442","CP068268_39050443_39150442"
4,24504,24675,172,"ACCACCTTGTGATGTGCAAATTTCTCTCACTGATTTAAGCCTTGCTTTTGATTCAGCAGGTTGAAAACGCTCTAATTGTTGAAACTGTGAAGGTACATTTGGAAGCCCATTGAGACCTATAGGGAAAAACTGTATATCCCCAGATAAAAAGTAGAAAGAAGCTATCTGTGAA","-",NA,"CP068268_39050443_39150442.fa_CP068268_39050443_39150442","CP068268_39050443_39150442"
5,24676,24850,175,"ACTGCTTTTTGACATGCAGATTCATCTCACAGAGCTAAACCTTTTTATTTTTTTATTCAGCAGGCTGGAAACATTCTTTTTGTAGAACCTGTGAAGGGACATTTGCAAGCCACTTGATGCCTATGGGGAAAAATCTGAATATCCTCAAATAAAATCTAGAAAAAGTATTTGTGAA","-",NA,"CP068268_39050443_39150442.fa_CP068268_39050443_39150442","CP068268_39050443_39150442"
6,24851,25022,172,"ACTGCTTTGTGATGGGTGGATTCATCTCACAGAGTTAAACCTTTCTATCGAATCTGCAGGTTGGAAAAACTTTATCTGAAGAATCTGCTAGTGGATATTTAGGAGCCCACTGAGACCTAGGGGGAAAAACAGGATACCCATCAAAGAAAACTACAAAGAAACTAACTGTGAA","-",NA,"CP068268_39050443_39150442.fa_CP068268_39050443_39150442","CP068268_39050443_39150442"
7,25023,25193,171,"ACTGCTTTGTGATGTTGGATTCATCTCACAGAGTTAAAACTTTTCCTTAATTCAGTAGGTAGGAAACACTCCTTTTGTAGAATCTGTGAAGGGACATTTTGGAGCCTATTGAGGCCTAATAGGAAAAAATGAATATCCCCAGATAAAAGCTGGAAAGAAGCTTTCTGTGAA","-",NA,"CP068268_39050443_39150442.fa_CP068268_39050443_39150442","CP068268_39050443_39150442"
8,25194,25365,172,"AATGGCTTTGGTATATGCAGATTCATCTCACAGAGTTAAAACATTCTTGTGATTCATCAGGGTGGAAACATTGTAATTGTTGAATCTGCAATGAGTCATTAGGGAGCTATTGAGACTTATGGGGAAAAACCAAATATCCCCAGATAATAATTAGACAGAAGTTACTTGTGAA","-",NA,"CP068268_39050443_39150442.fa_CP068268_39050443_39150442","CP068268_39050443_39150442"
9,25366,25533,168,"ACTGCTTTGTGATGCATGCATTCACCTCATAGAGTTAAAACTTTTTCCTAATTCAGCAGATTATAAACACATTTTTGGAGAATAAATGAAGGGACATTTGGGAACCCACTGAGACCTATGGGGAAAAAGAGAATTTCTCCTTAACTAATGGAAGGAAGCTATTTGTAA","-",NA,"CP068268_39050443_39150442.fa_CP068268_39050443_39150442","CP068268_39050443_39150442"
10,25534,25697,164,"AAATGGCTTTGTGATTCATCTCAGGGAGTTAAGCTTCTCTTTTGATGCAGCAGGTTGGAAACACTATTTTTGGAGGATCTGTGAATGGATATTTGTATCCCATTGAGGCCTACAGGAAAAACAGAATATCCCCAGATAACAACTAAATAAAACCTATCTATGAA","-",NA,"CP068268_39050443_39150442.fa_CP068268_39050443_39150442","CP068268_39050443_39150442"
11,25698,25866,169,"ACTTCTTTGTTATATGTGGATTCATCTCACAGATTTAAGACTTTCTTTTGATTCAGCAAGTTGGAAACATTTTTTTGTAGAGGCTTCAAAGGGACTTTGGGGAGCCCATTGAGGCCTATTGGGAAAAACCGAATATTTACACATAAAACCCACAAAGAAGCTATCTGTG","-",NA,"CP068268_39050443_39150442.fa_CP068268_39050443_39150442","CP068268_39050443_39150442"
12,25867,26038,172,"ACTGCTTTGTTATGTGTGGATTCATATCACAGATTTAAAACTTTCTTTTGATGCAGCTGGTTGGAAGAGCTCTTTATGTAGAATCTGCAAAAGGACATTTTGGAACCCATTGAGGCCTACTGGGAAAAACAAAATATCCTCAGAGAAAAACTAGAAAGAAATTAACTGTGAA","-",NA,"CP068268_39050443_39150442.fa_CP068268_39050443_39150442","CP068268_39050443_39150442"
13,26039,26210,172,"ACCACTTTGTGATGTATGGATTCATCTCACGGAGTTAAGACTGTATTTTGATTAAGCAGGTTGGAAATACTGTTTTTGGAGAATGTGCAAATAGACGTTTGGAAGTCAGTTGAGGCCTATGGAAAAAAAATGAATATCTGCAGATAAAAACTAGAAAGAAGTTATCCATGAA","-",NA,"CP068268_39050443_39150442.fa_CP068268_39050443_39150442","CP068268_39050443_39150442"
14,26211,26382,172,"ACAGCTTTGTGAAGTTTGGATTCATCTGACAGAGTTAAATGTTTCTTTTGATTCAGCAGGTTGGAAACACTCTTTTTGTAGAGTCTGCGATGGCATATTTGGGAGACCTTTGAATCCTATAGGGAAAAATGGAATATCCACTGATATAAACTAGAAAGAAGCTATCTGTGAA","-",NA,"CP068268_39050443_39150442.fa_CP068268_39050443_39150442","CP068268_39050443_39150442"
15,26383,26554,172,"ACTGCTTTGTGATGTGTGGATTTATCTCACAGAGTTAAAGCTTTCTTTTAATTCAGCACGTTGGAAGCACTCTTTCTGGAAAATCTGCAAAGGGACATTTGGGAGTCCATTGATGTACATGAAAAAAAAAAGAATATCCCCAGATAAAAACTAGAAAGAAACAATCTGTTAA","-",NA,"CP068268_39050443_39150442.fa_CP068268_39050443_39150442","CP068268_39050443_39150442"
16,26555,26725,171,"ACTGCTTTGTGATGTGTGGATTCATATCAAAGAGGTAAACGTTTATTTTGATTCAGGAGGTTGGAAACACTCTTTTTAAAGAATCTGTGAAGGAATATTTGGATGACAATTGATGCCTATGGGAAAAAACAGAATATCCCTAGATAAAACTAGAAAGAAGCAATCTGTGAA","-",NA,"CP068268_39050443_39150442.fa_CP068268_39050443_39150442","CP068268_39050443_39150442"
17,26726,26896,171,"ACTGCTTTTGATGTGTGGATTCATCTGAGGGAGATAAACCTTTCTTTTGATTCAGCATGTTGTAAATACTCTTTTTGGAGGATCTGCAAAGGGACAGCTGGGAGCCCATTTAGGCATATGGAGAAAAACTGAACATTACCAGATAAAAACTAGAAATAAGCAATTTGTGAA","-",NA,"CP068268_39050443_39150442.fa_CP068268_39050443_39150442","CP068268_39050443_39150442"
18,26897,27065,169,"ACTGCTTGGTGATGTTTGCTTTCATCTTACAAAGTTAAACTTTTTTCATTCAGAAGGTTGGAAACACTCTCTTTAGAGAATTTGTGAAGTGTCATTTTGGAGCAAATGGAGGCCAATGTTAAAATACCAAATATCCCCAGATAAAAACGAGAAAGAAGCTATCTGTGAA","-",NA,"CP068268_39050443_39150442.fa_CP068268_39050443_39150442","CP068268_39050443_39150442"
19,27066,27236,171,"AGTGCTTTGTGATGTGTGCATTCCTCTTCCAGAGTTGAATCTTTCTTTTGATTCTGCACGTTGGAAACACTCTATTTGGAGGATCTGCAAGGGGACCTTTGAAAGCCCTTTGAGGCCTATGGTGAAAATCATGTATCCCTAGATAAGAATTAGAAAGAAACAATGTGTCAA","-",NA,"CP068268_39050443_39150442.fa_CP068268_39050443_39150442","CP068268_39050443_39150442"
20,27237,27408,172,"ACTGCTTTGTGATGTGTCGATTCATTTTACAGAGTTAAATTTTTCTTTTGATTCAGCAGGTTGGAAAGACTCTAATTGGAGGATCTGCAAAGGTACATTTGGGAGCCCCTCTAGGCCTATGGGGTAAAACTGATTATCCCTTGATAAAAACTAGAAAGAAGCTATCTGAGAA","-",NA,"CP068268_39050443_39150442.fa_CP068268_39050443_39150442","CP068268_39050443_39150442"
21,27409,27579,171,"ACAGTATTGTAACTTGTGGATTCTTCTCACAGAGTTAAAATTTTGTTTTGATTCAGTACATTGGAAGAACTCTTACTGGAAAATCTATGAAATGACATTTGGTAGCCCATGGAGGCCTGTGTTGAAAACTGAATAGCCCCAGATAGAAATGAGAAAGAAGCTACCTGTGAA","-",NA,"CP068268_39050443_39150442.fa_CP068268_39050443_39150442","CP068268_39050443_39150442"
22,27580,27750,171,"ACTCCTTTGTGATGTGTAAATTCATCTCACAGAGTTAAACTTTCCTTTTGATTCAGCAGGTTGGAAACACCCTTTTTGTAGAAACTGTGAAGAAACATTTGGAAGCCCATTGAGACCTACTGGGAAAAACTTATATCTACAGATAAAAGGTAGAAGGAAGTTACCTGTGAA","-",NA,"CP068268_39050443_39150442.fa_CP068268_39050443_39150442","CP068268_39050443_39150442"
23,27751,27922,172,"ACTGCTTTGTTATGTGGGGATTCATCTCACAGAGTTAAACTACTTTTTTGATTCAGCAAGTTGGAAACACTCTTTTTGGAGGATCTGCGAATTAATGTTTGAGCACCCATTGAGGCCAACGGTGTAGTGCCTAATATCACTAGATAAAAACTAGAAAGAAGCTATCTGTGAA","-",NA,"CP068268_39050443_39150442.fa_CP068268_39050443_39150442","CP068268_39050443_39150442"
24,27923,28093,171,"ACTGCTTTGTGATGTGTGGATTCATGTCACAGATTTAAATTTTTCTTTGCGTTCAGCAGGCAGGAAACACTCTTTTTGGAAAATATGCAATGGGCCATTTATGAATCCATTGGGGCGTATGGGAAAATCTGAATATCCCCAGATAAAAACTAGAAAGAAACTGTCTGTGAA","-",NA,"CP068268_39050443_39150442.fa_CP068268_39050443_39150442","CP068268_39050443_39150442"
25,28094,28266,173,"ACTGCTTTGTGTTGTGTGGATTCATCTCACAAAGTTAAACCTTTTCTTTTGATTAAAGGGGTTTGAAAAACTCTTTAAGGAGAATCTGCAAAGGGCCATTTGGCAACCCAGTGAGGCCTATTGGGAAAAAAATAATATCCCCAGATACAAACTAGAAAGAAGCTATCTGTCAA","-",NA,"CP068268_39050443_39150442.fa_CP068268_39050443_39150442","CP068268_39050443_39150442"
26,28267,28436,170,"ACTGCTTTTAATGTGTGGATTAAGCTAACGGAGTTAAAACTTTTCTTTTATTCAGCAGGTTGGAAACACTGTTTTTGGAGAATCTGCAAAGGGATATTTGGGAGAACATTAAGGACTATGGGGAAAAACAGAATATCCCCAGATAAAAATAAAAAGAATCTATCTGTGAA","-",NA,"CP068268_39050443_39150442.fa_CP068268_39050443_39150442","CP068268_39050443_39150442"
27,28437,28605,169,"ACTGCTTTATGATTTTTGGATTTATCTGAGATTTAAACCTTTCTTTTAATCAGCAGGTTGGCAACATTCTTTTTAAAGATTCTGTCAATGGACATTTAGGAGGCCTTTGAGGCTTATGGCGAAAAACCCAACATCCTCAGGTAAAAACTACAAGGAAGCTATCTGTGAA","-",NA,"CP068268_39050443_39150442.fa_CP068268_39050443_39150442","CP068268_39050443_39150442"
28,28606,28783,178,"ACTGATTTGTGATGTGTGGATTCATCTTACATGGTTAAACCTTTCTTTTGATTCAGCAAGTTGAAAAGACTGTTTTTGGAGAATGTGCAAAAAGAAATTTGGGAGCCCATTGTGGCCTATGGGGAAAAAGCCAATATGCCCAGGAAAAAAAAAAAACTACAAAGAAGCTACTTGTGAA","-",NA,"CP068268_39050443_39150442.fa_CP068268_39050443_39150442","CP068268_39050443_39150442"
29,28784,28955,172,"ACAGCTTTGTGATGTGTATATTCATCTCACAGAGTTAAAACTGTCTTTTGATTCAGCAGGGTGGAAACACTCTTTTTGGAGAATCTGGGAATGGATTTTTGGTAGTCATTTAAGGCCTATGGGGAAAAGCTGAATATCCCCAGATAAAAATTAAAAACAAGCTATCTGTGAA","-",NA,"CP068268_39050443_39150442.fa_CP068268_39050443_39150442","CP068268_39050443_39150442"
30,28956,29128,173,"ACTGCTTTGTGATGTGTGTATTCATCTCAGAGAGTTAAAATTTTCTTTTGATTCAGCACGTTAGAAACACTCTTTTTGAAGGATCTGTGAAGGGACATTTGGGAGCCTATTGAGGCCTATGGAGAAAAATAAAATATCCTCAGGAAAAAAACTATAACGTAGTTATCTGTGAA","-",NA,"CP068268_39050443_39150442.fa_CP068268_39050443_39150442","CP068268_39050443_39150442"
31,29129,29288,160,"CTGCACAGCAAAAGAAACTACCACCAGAGTGAACAGGCAACCTACAAAATGGAAACACACTTTTTGGAGAATCTGTGAAGGGACATTTGAGAGCCTTTTGGGGCCTATGGCGAAAAATCAAATATCCTCAGATAAAAACTAGAAGGAAGCCATCTCTGAA","-",NA,"CP068268_39050443_39150442.fa_CP068268_39050443_39150442","CP068268_39050443_39150442"
1,30878,31049,172,"ATTGATTTGTGATATGTGGATTCATCTCATGGTGTGAAAGTTTTCTTCTTATTCAAAAGGTTGTAAACAATCTTTTTGGAGAATATGTGAAGGAACATTTGGGAGCTCATTGAGGCCTATAAGCAAAATACAAATATCCACAGATATAAAAAAGAAAGAAGCTACCTCTGAA","-",NA,"CP068268_39050443_39150442.fa_CP068268_39050443_39150442","CP068268_39050443_39150442"
2,31050,31222,173,"ACTGCTTTGTGATGTGTGTATTCATCGCACCAATTTAAAACTTTCTCTAGATTCAGCAGTTTGGAAACACTTTTTTTTTGGAGAATCTGTGAAGAAACATTGGGAGTCCATTGAGGCTTATGCGGAAACACCAAAGATTGCCAGATAGAAACTAGAATGAAGTTATCTGTGAA","-",NA,"CP068268_39050443_39150442.fa_CP068268_39050443_39150442","CP068268_39050443_39150442"
3,31223,31392,170,"ACTGCTTTGTAATGTGTGGCTATCACACATAATTGAATTTTTCTTTTGATTCAGCAGGTTGGAAACACTCTAATTGTACAATCTGTGAAAAGATATTTGGGAGCTCATTGAAGCCTATGGAGAAACACAAAATATCCTCAGACAAAAACTAGAAAGAAGCTATGTGTGAA","-",NA,"CP068268_39050443_39150442.fa_CP068268_39050443_39150442","CP068268_39050443_39150442"
4,31393,31569,177,"ACTGCTTTGTCTTGTGTGCATTCATCTTACAGAGTTACATTTTTTTTTTTTTTTTATTTAGCAGGTAAGAAACACTCTTTTTTGAGAATATCTGAAGGGATGTTTGGGAAGCCATTAAGGCCTATGGGGAAAAATTGAATATTCCCAGATAAAAACTGGAAGGAAACTATCTGAGAA","-",NA,"CP068268_39050443_39150442.fa_CP068268_39050443_39150442","CP068268_39050443_39150442"
5,31570,31740,171,"ACTGCTTTGTATCTGTATATTCATCTCACAGAGTTAAACCATTCTTTTGATTCCTCAGTTTAGAAACACTGTTTTAGGAGAATCTGCAAAAAGACATTTGTGAGCCCATTGAAGAATATGGGGAAAAACAGAATATCCCCAGAAAAATACTGGAAAGAAGCTATCTGTGAA","-",NA,"CP068268_39050443_39150442.fa_CP068268_39050443_39150442","CP068268_39050443_39150442"
6,31741,31911,171,"ACAGCTTTGTGATGGCTGGATTTATCTCACAGAGTTAAACCCTCTTTTGATTCCACAGGTTGGAAACACTCTTTTTGGAGAATCTGTGAAGCAACGTTTGGGAGCCCATTGTGACCTAACAGGGAAGACTGAATATCCGAAGATAAAAACTACAAGAAAGCTGTCTGTGAA","-",NA,"CP068268_39050443_39150442.fa_CP068268_39050443_39150442","CP068268_39050443_39150442"
7,32218,32388,171,"ACTGCTTTGTAAAGTGGATTCATCTCACAGAGATAAACATTTCATTTAATTCAGCAGGATGGAAACACTCTTTTTGGAGAATCTGTGAAGGGACATCTGAAATCTCAGTGAAGCCTACGGGGAAACCTGAATATCCGAAGATGAAAACTAGAAAAAAGGGCCAGGCGTGGA","-",NA,"CP068268_39050443_39150442.fa_CP068268_39050443_39150442","CP068268_39050443_39150442"
8,32389,32558,170,"ACTACATTTTGACGTATAGACTCATGTGACAGAATTCAAGTTTTCCTTTGGTTCAGCTGTTTGGAAACACTCTTTATGCAGAACATCGAAGGGACATTTGGGAGCCCATTGAGGTCTATGGGGAAAAAATTAATATTGCCAGAAAAAAATAGAAATAAGCTATCTGTGAA","-",NA,"CP068268_39050443_39150442.fa_CP068268_39050443_39150442","CP068268_39050443_39150442"
9,32559,32730,172,"ACTGCACTGTGATACATAGATTCATCTCACAGAGTTAAATTTTTCTTTTGATTCAGCAGGTTGGAAACACTGTTTTTGGAGGATCAGCAAAGAGGCATTTATGATCCGTTTGAGGACTATGGCGAAAAACCAAATATTCCCAGATAAAAACTGGAAAGAAGCTCTCTGTGAA","-",NA,"CP068268_39050443_39150442.fa_CP068268_39050443_39150442","CP068268_39050443_39150442"
10,32731,32897,167,"ACTGCTTTGTGTTGAGTGGATTCATGAAAGGTTAAACTTTCATTTAATTCATCAGGTTGGAAACACTCTTTTTGGAGACTCTGCAAAGGGACTTTTAAGTGCCCTTTTACAATATAGGGAAAGACCAAATATAACCAGATAAAAACAAGAAAGAAGCTACCTGGGAA","-",NA,"CP068268_39050443_39150442.fa_CP068268_39050443_39150442","CP068268_39050443_39150442"
11,32898,33069,172,"ACTGCTTTGTGATGTGTGGATAAATCTCATAACATTAAATCATTCTTTTGATCCAGAAGATTGGAAGCACACTTTTTGTAGAATCTTGGAAGGTACATTTAAGAGCCCATGGAGGCCTATTGGTAAAAACGTAATGTCCCAAGATAAAAACTAGAAAGAAGTTATCCATGAA","-",NA,"CP068268_39050443_39150442.fa_CP068268_39050443_39150442","CP068268_39050443_39150442"
12,33070,33243,174,"ACTGCTTCATGATGTGTAAATTCATCTCATAGAGTTCAAACTTTCTTTTGATTTAGTAGGTTGGAAACACACTAGTTGTTGAATCTGCAAAGGGACATTTGGGAGCCCTTTGAGGCCTATGGGTAAAAAGCGAATATCCCCAGATAACAACCTAGAAAATAAACTATCTGTGAA","-",NA,"CP068268_39050443_39150442.fa_CP068268_39050443_39150442","CP068268_39050443_39150442"
13,33244,33415,172,"AATACTTTGTGATGTGTGGATTCCTCTCACAGAGTTAAAACTTTCTTTGGATTCTGCAGATTCAAAACACTCTTTTTCTAGAATCTACTAAGGGATATTTGGGAGACATTTGAGGACTATGAAGAAAAAACAAATATCCCCAGATAAAAACTAGAAGGAAAATATCTGTGAA","-",NA,"CP068268_39050443_39150442.fa_CP068268_39050443_39150442","CP068268_39050443_39150442"
14,33416,33586,171,"ACTACTTTGTGATGTGTGGATGCATCTCTCAAAGTGAAACCTCTTTTGATTCAGCAGGTTGAAAAAACTTTTTTTTGGAGAATCTGTGGAGGAATATTTGGCAGCCCTTTGAGGCCCATGGGTTGAAACCATATATCCCCACCTAAAAACTAGAAAGACACTATCTGTGAA","-",NA,"CP068268_39050443_39150442.fa_CP068268_39050443_39150442","CP068268_39050443_39150442"
15,33587,33758,172,"ACTGCTTTGTGATGTGTGGATTCATCTCACAGTGTTTCACCTTTCTTTTGATTAAGCAGGTTAAAAACACTCTTTTTGTAGAATCTGTGAAGACATATTTGGGAGCTCTTTGAGGCCTATGAAGAAAAACAGAATATACCCAGATAAAAACTAGAAAGAAGCTAACTGTGAA","-",NA,"CP068268_39050443_39150442.fa_CP068268_39050443_39150442","CP068268_39050443_39150442"
16,33759,33929,171,"ACTGTTTTGTGATGTGTGGATTCGTCTCACAAACTTAAACCTTTCTGTTGATTCAGCAGGTTAAAAACACTCTTTTTGGAGTATCTGTGAAGAAACATTTGGGAACTCAATGAGGAGTATGGATAAAAGCCAAATATCCCCAGATAAAAACTAGAAGAAGCTGTCTGTGAA","-",NA,"CP068268_39050443_39150442.fa_CP068268_39050443_39150442","CP068268_39050443_39150442"
17,33930,34100,171,"ACTGTGTTGTAATGTGTGGATGGATCACACAGAGTTAAACATTTCTTTTGTTACAGCAGATTGAAAATAATCTTTTGGAGGACTTGAAAAGGCACCTCTTGGAGCACATTGAGGTCTATTTGGTAAAGCCGAATATCTTCAGATAAAAACTAGAAAGAAGCTATCTGTGAA","-",NA,"CP068268_39050443_39150442.fa_CP068268_39050443_39150442","CP068268_39050443_39150442"
18,34101,34271,171,"ACTGCTTTGTTATGTGTGAACTTGTATTACAGAGTTAAATCTTTCTTTTGATTCAGCAGTTTGGAAACATTCTTTTTGGAGATTTTGTGAAGGGAAATTTGGAATACTATTGAGACCTATTGGGAAAACTGAATATACCCAGATAAAAAGTAGAAAAAAGCTATCTGTTAA","-",NA,"CP068268_39050443_39150442.fa_CP068268_39050443_39150442","CP068268_39050443_39150442"
19,34272,34443,172,"AATGTTTTGTGATGTGTGGTTTCATCTCATAGAGTTATACCTTTCTTTTTATTCAGCAGGTTGGGAACAGTCTTTTTGTATAATCTTCAAAGGGACATTTAGGACCCCATTGAAGCCTATGGGGAAAAACCAAATATCCCTAGATAAAAACCAGAAAGCAGCATTCTGTGAA","-",NA,"CP068268_39050443_39150442.fa_CP068268_39050443_39150442","CP068268_39050443_39150442"
20,34444,34615,172,"ACTACTTTGTGATGTGTGGATTCATCTCACAGAGTTAAAACTTTCTTATGATTCAGCAGGTTAGAAACACTCTAATTGTTGAATGTCCGAAAGGACATTTTGGAGCCCATTGTGGCCAATGTGTAAAACGAGAATATCCCCAGGTAAAAACTAGAAAGAAGCTATCTGTGAA","-",NA,"CP068268_39050443_39150442.fa_CP068268_39050443_39150442","CP068268_39050443_39150442"
21,34616,34788,173,"ACTGCTTTGTGATGTGTAGATTCATCTCACAGAGTTAAACCTTTGTTTTTATTCAACAGGTTTTAAACACTCTTTCTATAGAATCTGTGAAGGGATATTTGGGAGCCTATTGAACCCTATTGGAAAAAAAACAAATATCCACAGATAAAAACTAAAAATAAGCTATCTGTGAA","-",NA,"CP068268_39050443_39150442.fa_CP068268_39050443_39150442","CP068268_39050443_39150442"
22,34789,34957,169,"ACAGCTTTGTGATGTGTGGATTCATATCACCATGAAACTTTCTCTTGTCCCAGCAGGTGGGAAGCACTCTCTTTAGAGAATCTGTGAAGGCACATTTCGGAGCCTTTTGAGGCCTATTAGGAAAAACCAAATAACCCCAGGTAAAAACGAGAAAGAAGTTATTTGTGAA","-",NA,"CP068268_39050443_39150442.fa_CP068268_39050443_39150442","CP068268_39050443_39150442"
23,34958,35131,174,"ACTTCTTTGTGATGTGTGGATTAATCTCAGAGAGTTAAACCTTTCTTTTGATTCGGAAGGTTGGAAATACTCTTCTTTTTGCAGAATCTGTGATGGGACATTTGGGAGCCCATTGAGGCCTATGGGAAAAAAACAAATATCCCGAGACAAAAACTGGAAACATCTCCCTGTGAA","-",NA,"CP068268_39050443_39150442.fa_CP068268_39050443_39150442","CP068268_39050443_39150442"
24,35132,35303,172,"ACTACTTTGTGATGTGTGGATTCATCTCAAAGAGTTAAGCCATTCTGTTGATACATCAGGTTGGAAACACTCTTTTTGTAGAATCTGCAAAGGGATATTTTGGAGCCCTTTGTGTCCTATGGGGAACAATTGAACATCCCCAGATAAAAACGAGAAAAAAGTTGTCTATGAA","-",NA,"CP068268_39050443_39150442.fa_CP068268_39050443_39150442","CP068268_39050443_39150442"
25,35304,35475,172,"ACTGCTTTGTGATAGATGGATTCATCTCACAGAGTTAAAATTTTCTTTTGATTCAGAAGGTGGGAAACATTTCTTTTGGAGAATCTGTGGAGGGACATTTCAGTGCCCATTGAGGTCTCTGGGGAAAAACTGAATATCCCCAGATTAAAAACTAGAAATAAGCATCTGTGAA","-",NA,"CP068268_39050443_39150442.fa_CP068268_39050443_39150442","CP068268_39050443_39150442"
26,35476,35645,170,"ACTCCTTTATGATGTGGATTCACCTCACAGAGTTAAATTTTTCCTTTGCATATGTAGGTTGGAAACTCTCATTTTGGAGAATATGTGAAGGGACGTTTGGAAGTCCTTTGCAGTCTATGGAAAAAACACAATATTCCCACATACAAACTAGAAAAAAATCTATCTGTGAA","-",NA,"CP068268_39050443_39150442.fa_CP068268_39050443_39150442","CP068268_39050443_39150442"
27,35646,35816,171,"AATACTTTGTGACGTGTGGTTTCACCTCACAGACTTAAACCTTTCATTTCTTTCAGCAGGCTGGAAACACTCTTTTTGGAGTATCTGTGAAGGGACATTTTGTAATGTATTGTGGCCTATGAGTAAAACAGAATAACCCCATATAAAAACCAGACAAAAGCTATCTGTGAA","-",NA,"CP068268_39050443_39150442.fa_CP068268_39050443_39150442","CP068268_39050443_39150442"
28,35817,35987,171,"ACTGCTTTGTGATGTGTGGGTGCATCTCACAGAGTTAAGCCTTTCTTTTTATTCAGCAAGTTGGAAAAACTATTTTTGAAGAATCTGAAAAGGGACATTTGGGAGTCTATTGAGGCCTATGGGGTAAAACAAAATATCTACAGAGAAAACAAGAAAGAAGCTATCTGTGAA","-",NA,"CP068268_39050443_39150442.fa_CP068268_39050443_39150442","CP068268_39050443_39150442"
29,35988,36159,172,"ACTGCTTTGCATTGTGTGGATTCATCCAACAGAGTTAAACGTTTCTTTTGATCTAGCAGGTTGAAAACACTCTTTTCATAGAATCTGCAAATAAACATTTGAGAGCCCATTGATGGCTATTGGGAAAACACCAACATCCCAAGATAAAAACTAGAAAGAAGCTATCTATGAA","-",NA,"CP068268_39050443_39150442.fa_CP068268_39050443_39150442","CP068268_39050443_39150442"
30,36160,36331,172,"AATGTTTTGTAATGTGAGATTCATCTCACAGAGTTAAACATTTCTTTTGATTCAACAATTTGTAAACACTATTTTTGTGGAATCTGTGAAGGTACATTTTGGAGCCCATTGAGGCCTATAGGGAAAAACCAAATATCTGCAGATTAAAAACTAGAAAGAAGCTCTCTGTGAA","-",NA,"CP068268_39050443_39150442.fa_CP068268_39050443_39150442","CP068268_39050443_39150442"
31,36332,36503,172,"ACTGATTTGTGATGTGTGGATTCATCTCACAGTGGTAAAGCTTTCGTTTGCCTCAGCAAATTGGAAGCACTCCTTTTGGAGACTCTGCAAAAGGAGATTTGTGAGCCCTTTGAAGCCCATGGGGAAAAATTGAATATCCCCACATAAAAATTAGAAAGAAGCTATCTATGAA","-",NA,"CP068268_39050443_39150442.fa_CP068268_39050443_39150442","CP068268_39050443_39150442"
32,36504,36675,172,"ACTTCTTTGTGATATGTGGATTCATCTCAGAGAGTTAAATCTTTCGTTTGATTTAACATATTGGAAACAGTCCTTTTGGAGACTCTGAGAAGGGACATTTTTGAGCCCATTGAAGCCTATGGGGAAAAATTGAATATCTTTGTATAAAAACTAGAAAGAAGCAATCTGTGAA","-",NA,"CP068268_39050443_39150442.fa_CP068268_39050443_39150442","CP068268_39050443_39150442"
33,36676,36847,172,"TCAGCTTTGTAACGTTTGGATTCATATCACAGAGTTAAACATTTCTTTTGATTCAGCTGGTTGGAAACACTCTTTTTGGAGAACCTGGGAAGGGACATTTGGAAGCCCATTGAGGCTTATGTGGAAAAACTGAACATATACAGAGAAAAAGTAGAAAGAAGTTATCCATGAA","-",NA,"CP068268_39050443_39150442.fa_CP068268_39050443_39150442","CP068268_39050443_39150442"
34,36848,37016,169,"ATTGCTTTTTGATGTGTGGATTCATCTCACAGTGTTAAACCTTTTATTTGACCCAGCAGGTTGGAAACACTTTTGTCGAATCTGCAAAGTGACCTTTTGTAGCTGTTTGTGGCCTATGGGGAAAAACAGAATATCCCCATATAAAAACTAGAAAGAAGCTACCTGTGAA","-",NA,"CP068268_39050443_39150442.fa_CP068268_39050443_39150442","CP068268_39050443_39150442"
35,37017,37188,172,"ATTGCTTTGTGATGTGCAGGTTCATTTCACAGAGTTTAGCCATTCTTTTGATTCAGCATGTGGGAAACACTCTTTTTGTAGAATCTGTGAAGGATCTTTTGGGAGTTTATAGAGGCCTATGGGGAGAAACAAAATATCTTGAGATAAAAATTAGAAACAAGTTATCTGTGAA","-",NA,"CP068268_39050443_39150442.fa_CP068268_39050443_39150442","CP068268_39050443_39150442"
36,37189,37357,169,"ACCCTTTGTGATGTGTGAATTCATCTCACAAAGCTAATCCTGTCTGTTGATTCAGCAGATGGGAAATACCCTTTTTGGAGTATCTGGGAAGGGACATTTTTTAGTCCATTGACATCTATGGGGAAAATAATATAACCAAGATAAAAACTAGAAAGAATCCATCTTTGAA","-",NA,"CP068268_39050443_39150442.fa_CP068268_39050443_39150442","CP068268_39050443_39150442"
37,37358,37529,172,"ACCTCTTCATGATGTGTGGATTGATTTCACAAATTTAAATTTTTCTTTTAATCTAGGAAGTTGGAAACAATCTTTTTGTGGAATCTGCAAAGGGACATTTGGGAGCCCATTGAAGCCTATGGGGAAAAACAAAATATCCTAATATAGAAACTAGAAAAAAGCTTCCTTTGAA","-",NA,"CP068268_39050443_39150442.fa_CP068268_39050443_39150442","CP068268_39050443_39150442"
38,37530,37701,172,"AATTCTCTGGGATGTGTAAAATCATCCCATAGATGAAAACCTTTCTTCTGATTCAGTAAGTTGAAAATACTCTTTTTAAATAATCCATGAAAAGACATTTGGGGGTCCTGTGAGTCCTCTGGAAAAAACCTGAATATCCCCAGATAAAAAGTAGAAAGAAAGTATATGTGAA","-",NA,"CP068268_39050443_39150442.fa_CP068268_39050443_39150442","CP068268_39050443_39150442"
39,37702,37871,170,"ACTGCTTTTTGATATGTGCATTTATCTCACTGAGTTAAAATTTCTTTTGATTCAGGAGGTTGGAAACACTGTTTTTGGAGAATCTGCATAAGGACATTTAGGATCCTATGGAGGCCTATGGGAAAAACCAAATATCTTCAGATAAAAACTAGAAAGAAGCTAGCTGTGAA","-",NA,"CP068268_39050443_39150442.fa_CP068268_39050443_39150442","CP068268_39050443_39150442"
40,37872,38039,168,"ATTGCTTTGTGGTGTGGATTCATCTCACAGAGTTAAAACTTTCTTTTGATTCAGCAGCTTAGAAACACTCTTTTTGGATAATCTGCAAAAGGACATTTGAAAGCCTTGTAGCCTCTGGGGCAAAACCATATATTCCAAGATAAAAACCAGAAAGAAGCTATCTGTGAA","-",NA,"CP068268_39050443_39150442.fa_CP068268_39050443_39150442","CP068268_39050443_39150442"
41,38040,38209,170,"AGACCTTTGTGATAGGTGGATTTATCTCACAGAGTTATAACTTTCTTTTGATTCAGCAAGTTGGAAACTCTTTTTGTAGAATTTGTGAAGGGACAGTTCCCAGGCCATCAAGGCCTATGGGGAAAAACAGATTATCCTCAAATGAAAAGTAGTATGAAGCTATCGGTGAA","-",NA,"CP068268_39050443_39150442.fa_CP068268_39050443_39150442","CP068268_39050443_39150442"
42,38210,38378,169,"ACCCCTTTGTGATGTATGAATTCATCTCACAGAATTAAACCTTTTTTTTGATTCAGCAGTTTGGAAACGCTCTTTTTGGAGAATCTGCAAAAGGACATTTGGGAGCCCTGTGGCCTATGGGGCAAACTGTATATCCCAAGATAAAAAGCAGAAAGAAGCTATCTGTTAA","-",NA,"CP068268_39050443_39150442.fa_CP068268_39050443_39150442","CP068268_39050443_39150442"
43,38379,38552,174,"ACTGCTTTGTGATCTATGCACTCATCTCACAGAGTTAAGCATTTTTTTTTTGGTTCAGCAGGTTGAAAATATGTTTTTTGTAGCATCTGCAAAGGGACATTTGGGAACCCATTGAGGCCTTTGAGGAAGGACCACATATCCTCAAATAAAAACTAGAAAGAAGCTATCTGTGAA","-",NA,"CP068268_39050443_39150442.fa_CP068268_39050443_39150442","CP068268_39050443_39150442"
44,38553,38722,170,"AATGCTTTGTGATGTGTGGATTTATCTCACAGAGTAAACCTTTATTTGTTTCAGCAGGTTGCAAATATTCTCTTTGGATAATCTGTAAAGGAAAATTTGTGAGCCAATTGAGGCCTATGTGGAAAAAGTGAATATTCCTAGATAAAGACTAAAAAGAATCTGTATTTGAA","-",NA,"CP068268_39050443_39150442.fa_CP068268_39050443_39150442","CP068268_39050443_39150442"
45,38723,38894,172,"ACTGCTTTCTGATATGTGGATTAGCCTCAGAGAGTAAAAGTTTTCTTTTGATTCAGCAGGTTGGAAACACTCTTTTTGTACAAATTGTGAAAGGACATTTGGGAGCCCTTTGAGGCCTATGGAGAAAAACCAAATAATCCCATATAAACACTAAAAATAATCTTTCTGTTAA","-",NA,"CP068268_39050443_39150442.fa_CP068268_39050443_39150442","CP068268_39050443_39150442"
46,38895,39078,184,"ATGGCTTTGTGACATGTGGATTAAAGAATTAATCACAAAGAATTAAAACTTTCTTTTGATTCAGCAGGTTGGAAAGACTCTAACTGGAGAATCTGCAAAGGAGTATTTGGAAGCCCACTGAGGCCTAAGGGGAAAAACCAAAAATCCCCAGAAAAAAAAAAAACAGAAAGAGGCTATCTGAGAA","-",NA,"CP068268_39050443_39150442.fa_CP068268_39050443_39150442","CP068268_39050443_39150442"
47,39079,39247,169,"ACTGCTTTGTGATGTGTAAATTCATCTCAGAGTTAAACCTTTCTTTTGTTTCAGCAGGTTGGAACACTCTATTTACAGAATCTGCAAGGTGACATTTAGGACACCATTGAGGCCTATGGGGAAAAACTTAATATCCCAAGATAAAAACAAGAAAGAAGCTATGTGTGAA","-",NA,"CP068268_39050443_39150442.fa_CP068268_39050443_39150442","CP068268_39050443_39150442"
48,39248,39419,172,"ACTGCTTTGTGTTGTGTGGATTCATCTCACAGAGATAAACCTTTCTTTGATCCAGTAGGTTGGAAACACTCTTTTTGGATAAACTGAGAAGGGGCATTTGGGAACACATTAAGGACTATGGAGAAAAACCATGTATCTCCTGATAAAAAACCAGAAAGAAGCTATCTGTGAA","-",NA,"CP068268_39050443_39150442.fa_CP068268_39050443_39150442","CP068268_39050443_39150442"
49,39420,39591,172,"ACTGCTATGTGATGTGTGGATTCATCTCACAGAGTTATAATTTTCTTTGATTCAGAAGGTTGGAAACGCTGCTTTTGTAGAATCTGAGAAAAGACATTTGGGAGCCTAATAAGGCCTATAAGTAAAAATCAAATATCCTCAGATTAAAAACTAGGAAGAAGCTATCTGTTAA","-",NA,"CP068268_39050443_39150442.fa_CP068268_39050443_39150442","CP068268_39050443_39150442"
50,39592,39765,174,"ACTACTTTGTGACCTGTAGATTCCTCTAACAGAGGTGAACATTTTTTTTTTTATTCAGCAGTTTGTAAACTTTCTTTTTGGGGAATCTGTGTAAGGACATTTGGTAGCTCATTCTTGCCTAAGGGAAAAAACCGAATATCCCCAGACAAAAACTAAAAAAAAGTTATCTGTGAA","-",NA,"CP068268_39050443_39150442.fa_CP068268_39050443_39150442","CP068268_39050443_39150442"
51,39766,39912,147,"ACTACTTTGTGATGTGTGGATTCATCTCACAGAATTTGGAAACTCTCTTTTTGTAGAATCTGTGAAGGGACATTTCACAGGCCATTGAGGCCTATGGGGAAAAAGACAATATCCCCAAATAAAAACTAGAAAGGAGCTATTTGTGAA","-",NA,"CP068268_39050443_39150442.fa_CP068268_39050443_39150442","CP068268_39050443_39150442"
52,39913,40096,184,"GCTTTCTGTGAAACAGCTTTGTGGTGTGTGAATTCATCTCACAGAGTTAAACCTTGCTGTTGATTCAGCAGATTGGAACCACACATTTTGGAGTCTCAGCAAAGGCACGTTTCAGAACCCATTGAGGCCTAAGAAAGAAAACTGAATATCCCTAGATATAAACTAGAAAGAAGCTAGCTGTGAA","-",NA,"CP068268_39050443_39150442.fa_CP068268_39050443_39150442","CP068268_39050443_39150442"
53,40097,40263,167,"AACAGCTTTGTGATGCTGGACTCATCTCACAGTGTTAAAGCTTTCATTTGATTCAGCAGGTTGGTAATACTCTTTTTGGATATTCTGTGAAGGGACATTTGGGAGCCCATTGAGGCCTATGGGAAAAAACAGAATATCCCCAGAAAAAAAAAAAAAACTATAAAGAA","-",NA,"CP068268_39050443_39150442.fa_CP068268_39050443_39150442","CP068268_39050443_39150442"
54,40264,40433,170,"ACTCCTTTGTGATGTGTGGATTCATCTCACAGACTTAAAACTTTCTTTCCTTTGAGCAGGTTGGAAACACTCTTTTTTTAGAATCTGCAAAGGAACATTTGGTATCCCATAGAGTTTATGGGGAAAAACAGAATATCTCAAGATAAAAACAAGAAAGAATCTATCTGTAA","-",NA,"CP068268_39050443_39150442.fa_CP068268_39050443_39150442","CP068268_39050443_39150442"
55,40434,40605,172,"AATGCTTTGTGATGTGTGGATTCATCTCATGAAGTTAAACTTTTCTTTAGATACAGCAGTTTGGAAACACTCTTTTGGTAGAAACTGCGAACAGACATTTGGGAGAGCATTGAGGGCTATGGGGACAAATGGAATATCCCCAGATAAAAATTAGGAAGAAGCTATCTGTGAA","-",NA,"CP068268_39050443_39150442.fa_CP068268_39050443_39150442","CP068268_39050443_39150442"
56,40606,40777,172,"AACTGCTTTGTGATATTTGGATTCAGCTCTTGATTTAAAGTTTTCTTGTGAAACATCAGGTTGGAAACACTCTTTTGGGAGAATCTGCAAAGGGATATTTGAGAGTCCTTTGAGGTCTATGGAGAAAAACCGAACATCCACAAATAAAAACTACAAAGAAGTTATGTGTGAA","-",NA,"CP068268_39050443_39150442.fa_CP068268_39050443_39150442","CP068268_39050443_39150442"
57,40778,40948,171,"ACTGATTTGTAATATATGGATTCATCTCACAGTGTGAAACTTTTCTTCTTATTCAAAAGGTTTTAAACAATCTTTTTGTAGAATTTGTGAAGGGATATTTGGGAGCCCATTGAGGCTGATAAGAAAAAAAGAAGTATCCACAGATAATAGGAAGAAAGATGCTACCTCCAA","-",NA,"CP068268_39050443_39150442.fa_CP068268_39050443_39150442","CP068268_39050443_39150442"
58,40949,41120,172,"ACAGCTTTGTGATGTGTGGATTCATCTCACAGAGGTAAAACTTTCTTTTGATTCATCAGATTGTAAACAATCATTTTGGAGAATCTGTGAAGAAACATTTGGGAGCCCACTGAGGCTTTTGGGGAAACACCAAATTTTCCCAGATAGAAACTAGAATGAAGCTATCTGTGAA","-",NA,"CP068268_39050443_39150442.fa_CP068268_39050443_39150442","CP068268_39050443_39150442"
59,41121,41289,169,"ACTGCTTGTTGATGTGTGGATTCAACTCACTGACTTAAACCTTTCTTTTATTCAGCATTGAAAACACTCTTTTTGGAGAATCTGCAAAGGGAAACTTGTGAAACCTTTGAGGACTGTGGGAAATAACAGAATATCCCTATATTGAAACTAGAAAGAATTAATCTCTGAA","-",NA,"CP068268_39050443_39150442.fa_CP068268_39050443_39150442","CP068268_39050443_39150442"
60,41290,41459,170,"ACAGCATTGCGATGTGTGGATTGATCTCAGATATAAATATTTCTTTTCTTTCATCAGCCTCTAAACACTCTTTTTGGAGAATCTGCTAAGGGACAATTGGATGCCCATTGGGGCTTAAGGGGAAAAATGGATTATCCCCAGATAAATACTAGAAAGAAGCTATCTGTTAA","-",NA,"CP068268_39050443_39150442.fa_CP068268_39050443_39150442","CP068268_39050443_39150442"
61,41460,41630,171,"ACTGCTTTGTGATGTGTGGATTCTTCTCACACTGCAAATTTTTGTGCTGATTCAGCAGGCTGGAAACACTCCTTTTGTGGAATCTGCAAAGCGATATTTGGGAGCCCATTGGGGCCTATGGGGAGAAACTGAATAATCCTAGGTAAAAACTACAAAGAAACTATCTGTGAA","-",NA,"CP068268_39050443_39150442.fa_CP068268_39050443_39150442","CP068268_39050443_39150442"
62,41631,41784,154,"GATACATATCAGAGAGTTAAACTGTTGTATTTATTCAACAGTTTGGAAACATTCTGTTTGTAGAATCTGTGAAGGGAAATTTGGGCACTGAAATAGGCCTATGGGGAAATACTGAATATCTCCAGATAAAAACTAGAAATTAGGTATCTGTGAA","-",NA,"CP068268_39050443_39150442.fa_CP068268_39050443_39150442","CP068268_39050443_39150442"
63,41785,41937,153,"ACTCCTTTGTGATGTGTGGATTCATCTCACAGAGTTAAACCTTCCTGATGATTCGGCAGATTGGAAAACCACTTTTTGGAGGCTCTGTGAAGGGACATTTTAGAGCCCATTGGGGTCTAAGAAAGTTACTGTGAAGGTGCTTTATGATTGCTG","-",NA,"CP068268_39050443_39150442.fa_CP068268_39050443_39150442","CP068268_39050443_39150442"
1,47602,47755,154,"ACAGCTCTCTGATATGTGGATTCATCTCACAGAGTTAAACCTATCTTTTGATTCTGCAGCTTAGTTTGGAAACACTGTTGTTTTAGAATCTGCAAAGGAATATTTGGGAGCTCACTTAGGCCAATAGTTAGAAAGTGAATATCCCAAGATGAAA","-",NA,"CP068268_39050443_39150442.fa_CP068268_39050443_39150442","CP068268_39050443_39150442"
2,47756,47927,172,"ACTGCTTTGTGATGCTTGCATTGAACTTACAGAAGTCAAGCATTCTTTAGATTCAGCAGTTTGGAAACACTGTTTTTGCAGAATTTGTGAAGGGACATTTTGGAGCTCATTGAGGCCTACTGCAAAGAAGTGAATGTCCCCAGATAAAAACTAGAAAGAAATTCTCTTTGAA","-",NA,"CP068268_39050443_39150442.fa_CP068268_39050443_39150442","CP068268_39050443_39150442"
3,47928,48100,173,"ACTGCTTTGTGATGTGTGTATTCATCTCTCAGAGGTAAATCTTTCCTTTGATTCAGCAGTTTGGAAACACTGTTTTTTAAAAAACTGTGAAAAAAACATTTTGGAGCACATTGAGGCCTGTGGTGAAATATAGAATATCCCCAGATAAAAACTAGAAAGAAGCTTTCTGAGAA","-",NA,"CP068268_39050443_39150442.fa_CP068268_39050443_39150442","CP068268_39050443_39150442"
4,48101,48272,172,"ACTACTTTTTGATGTGTGTATTCATCTCACAGAGTTAAAGTTTCCTTTGGATTCAGCAGTTTGGAAATGCAGGTTTTGTAGGATCTGAGAAGGGACATTTTGAGGCGCTTTGAGGCCTAGGGTGAAAAAGCAAACATCCTAAGATAAAAACTAGAAAGGAGCTATCTGAGCA","-",NA,"CP068268_39050443_39150442.fa_CP068268_39050443_39150442","CP068268_39050443_39150442"
5,48273,48442,170,"CACTGCTTTGGATGTGTGCATTCAATTTACACAGTTAAAGACTTCTTTTGATTTAGCATTCTGGAAACACTGTTTTGGAGAATCCTAGAAAGGACTTTAAGAGCGTATTGAGGCCTATGGTGAAAAAGCATACAACTTCCAATAAAAACTTGAAAGAAACAATCTGCGAA","-",NA,"CP068268_39050443_39150442.fa_CP068268_39050443_39150442","CP068268_39050443_39150442"
6,48443,48599,157,"ACTGCTCTGTGATGTGTGCATTCAACCTATCTTTTGATTCAGCGGTTTGGTAACGCTGTTGTTTTAGAATCTCCAAAGGAACATATGGGAGCTCATTGAGGCCAATGGTGAAAAAGCAAATATCCTAAGATTAAAACTAAAAAGAAGCTATCTCAGA","-",NA,"CP068268_39050443_39150442.fa_CP068268_39050443_39150442","CP068268_39050443_39150442"
7,48600,48771,172,"ACTGTTTTGTGATGTGTGTCTTCATCTCAAAGAGTTAAACCTTTCTTTTGATTCAGCAGTTTGGAAACACAGTTTTTGTAGAATCTTCAAAGGGAGACTTTAGAACTCATTAAGGCCTACTGCAAATAAGTGAATATCCCCAGATAAAAACTACAAGGAAGCACTCTCTGAA","-",NA,"CP068268_39050443_39150442.fa_CP068268_39050443_39150442","CP068268_39050443_39150442"
8,48772,48942,171,"ACTGCTTTGTGATGTGTGCATTCATCTCCAGACTTAAACCTTTCTCTTGTTTCAGCTGTTTGGAAACACTGCCTTTGTACGTTCTGCAAATGGATATTTCCGATCTCTTTGAGGCCTATGGTGAAAAAGAAAATATCTTCAGATAAAAATTAGAAAGAAGCTTTCTGAGTA","-",NA,"CP068268_39050443_39150442.fa_CP068268_39050443_39150442","CP068268_39050443_39150442"
9,48943,49111,169,"ACCACTTTGTGATGTGTGCATTCACTTTGAAGAGTTAAACCTTTCTTTTTATACAGCAGTTTGGAAAGAGTGTTTATGTAGAATCTGCAAAAGGCATTGAGAACCACTTGAGGCCTACAGAGAAAAAGAAAATATCTTCAGATAAAAACTAAAAGAAGCTTTCTGAGAA","-",NA,"CP068268_39050443_39150442.fa_CP068268_39050443_39150442","CP068268_39050443_39150442"
10,49112,49283,172,"ACTGCTTTGTGACGTGTGCATTCATCTCACAAAATTAAAACTTTCTTTTGATTCAGCAGTTTGGAAGCACTGTTTTTGTACATTCTGTAAGAGGAAATTTGGGAGCTCATTGAGGCCAATTGCAAAAAAGCTAATATCCCAGGATAAAAACTAGAGGGAAGCTATCTGAGAA","-",NA,"CP068268_39050443_39150442.fa_CP068268_39050443_39150442","CP068268_39050443_39150442"
11,49284,49455,172,"ACCGAATTTTGATGTGTGCATTCATCTTGCAGAGGTAAACCTTTCTTTTGATTCAGTGGTTTGGAAACAGTATATTTGTACATTCTGTGAATGGACATTTGGGAGCTTATTGAGGCCTAAGGTGAAAACGAAAACATCTTCTGATAAAAACTAGAAAGTTGTTTTTTGAGAA","-",NA,"CP068268_39050443_39150442.fa_CP068268_39050443_39150442","CP068268_39050443_39150442"
12,49456,49628,173,"AACTGCTTCATGATGTGTGAATTCATCTCACACAGTTAAACTTTTCCGTCCATTCAGTAGATTGGAAGCACTCTTTTTGTACATTCTGCAAATGGACATTTTGGAGCTCATTGAGGCCAGTGGTGAAAAGGTGAATATCCCAAGATAAAACATAGAAGGAAGCTATCTGAGAA","-",NA,"CP068268_39050443_39150442.fa_CP068268_39050443_39150442","CP068268_39050443_39150442"
13,49629,49799,171,"AATGCTTTGTGATGTATGCATTCATCTCCAAGTGTTAAACTTTTATTTTGATTCAACAGTTTGGAAATGCTGTTTTTGTAGGATCTGAGAAAGGATAGTTGGGAGAGCATTGAGGCCTATGGTGAAAAAGAAATTATCTTCAGACAAAAACTGGAAAGAAGCTTTCTGAAA","-",NA,"CP068268_39050443_39150442.fa_CP068268_39050443_39150442","CP068268_39050443_39150442"
14,49800,49971,172,"TATGTCTTTATGATCTGAGCATTGATACACAATGTTAAACCCTTCTTTTGATTCAACAGTTTGGAAACACTGTTTTTGTACATTCTGTGAATGGACATTTCAGAGCCCATTGAGGCCAATGGCAAAAAAGGGAATATTCCAGGCTGAAAACTAGAAGGGAACTATCTGAGAA","-",NA,"CP068268_39050443_39150442.fa_CP068268_39050443_39150442","CP068268_39050443_39150442"
15,49972,50140,169,"ATTTCTTTGTTCTGTGCATTGATCTCACAGAGTTAAATGATTCTTTTGATTCAGCAGTTTGGAAACACTGTTTGTGTACATTCTGTGAACGGACATTTGAGAGCACATTGAGGCCTATTGTGAAAATGAAAACATCTTCAGATAAAAACTAGAAAGAAATTTTCTGAGA","-",NA,"CP068268_39050443_39150442.fa_CP068268_39050443_39150442","CP068268_39050443_39150442"
16,50141,50311,171,"ACCACTTTGTGATGTGTGCATCCTCTCACAGAGTTAAACCTCTCTTTTGATTCAACAATTTGAAAACACTGTTTTTGTAGAATCTGTGGAAGTACATTTGGGAGTGTATTGATGCCTATGGTGAAAAAGAAAATAACTTCAGATAAAAAATTGAAAGGAGCTTTCTGAGAA","-",NA,"CP068268_39050443_39150442.fa_CP068268_39050443_39150442","CP068268_39050443_39150442"
17,50312,50481,170,"ACTGCTTTGTGATGAGTGCATTCATCTCACAGAGGTAAACATTTCTTTTGATTAGCTCTTTGGAAACACTGTTTTTGGACCTTATGCAAATGGACTTTTGGGAGCTCATTGAGGCAAATGGTGAAAAAGTGAATATCCCAAGTTAAAACTAGAAGGAAAGTATCTGAGGA","-",NA,"CP068268_39050443_39150442.fa_CP068268_39050443_39150442","CP068268_39050443_39150442"
18,50482,50638,157,"AGCATTAGGTATATCTCCTAACGTTAAAACTTTCTTTTGATTCAGCAGTTTGGAAACGTTGTTGTAGAATCTATGAAAAACATTTGGGAGCCCATTGAGGCCTTTAGTGAAAAAGAAAATATCTTCACTTGAAACCTAGAAGGAAGCTTGCTGAGAA","-",NA,"CP068268_39050443_39150442.fa_CP068268_39050443_39150442","CP068268_39050443_39150442"
19,50798,50969,172,"ACTGCTTTGTGATGTGGGCATTCATCTCACAGAGTTAAACCTTTCTTTTGATTCACGAGTCTAGAAACACGGTTTTTGTGCCTGCTGCAGACGGATATTTGTGAGCTCATTGAGGTGAATGGTGAAAAGGTGAATATCCCAAGATTAAAACTAGAAGGAAGATAACTGATAA","-",NA,"CP068268_39050443_39150442.fa_CP068268_39050443_39150442","CP068268_39050443_39150442"
20,50970,51140,171,"ACTACTTTGTGATGTTTGCATTCATCTTACAAAGTTAAACCATTCTTTTGCTTAAGCAGTCTGGAAACACTGTTTTTGTACATTCTGCAAATGTACATTTAAGAGCTCATTGAGGCCTGTGGTGAAAACAAAATTATTGACAAATAAAAACTAAAAAGAAGCTTCTGAGAA","-",NA,"CP068268_39050443_39150442.fa_CP068268_39050443_39150442","CP068268_39050443_39150442"
21,51141,51312,172,"AGAGCTTTGTGATCTGTGCTTTCATCTCATGGAGTTAAACACTTCTTTTGATTCAGCAACTTGGAAACACTCTTTTTCTATGTTCTGTGAGTGGACATTTGGGAACTCATTGAGGCCAATGGTGGAGAAGCGTGTATCCCAAGATAAACATTAGAAGGAAGTTATCTGAGTA","-",NA,"CP068268_39050443_39150442.fa_CP068268_39050443_39150442","CP068268_39050443_39150442"
22,51313,51485,173,"ACTGCTTTGTTAATGTGTCCATTCATCTCACAAAGTTAAAACTGTCCCTTGATTCAGCAGTTTGGAAACACTATTTTTGTGCTTTCTGCTAATGGACATTTGGGAGCTCACTGAGGCCAATGGTGAAAAAGTGAATATCCCAGGATAAAAACTAGAAGGAAGCTTTCTGCGAA","-",NA,"CP068268_39050443_39150442.fa_CP068268_39050443_39150442","CP068268_39050443_39150442"
23,51486,51659,174,"ACTGGTTTGCGATGTATGCATTCATCTGGCAGAGATAAACCTTTCTTTTGATTCAGCAGTTTGGAAACACTGTTTTTGTAATATCTGCAAAAGGACTTTTTGGAGCGCATTTAGGCCTATGTTGAAAAATAAAATATCTTTAAAGATAAAAACTAGAAGGAAGCTTTCTGAGAA","-",NA,"CP068268_39050443_39150442.fa_CP068268_39050443_39150442","CP068268_39050443_39150442"
24,51660,51830,171,"ATTGCTTCTGATGTGTGCATTCATCTCACAGAATTAAACCTTTCTTTTGATTCGGCAATTTCAAAAGACTATTTTTGTACTTTCTACAAATGGACCTTTGGGAGTTCACTGAAGCCAATGACAAAAAAGAAAATATCCCAGGATAAAAACTACAAGGAAGCTATCTGGGAA","-",NA,"CP068268_39050443_39150442.fa_CP068268_39050443_39150442","CP068268_39050443_39150442"
25,51831,52002,172,"ACTGCTTTGTGATATGTGCATTTATCTCATTGAGTTAAGTCTTTCTTTTGATACAGCATTTTGGAGATGCTTTTTTTGTACATTCTGCAAATGGACATTTGGGAGCTCACTGAGGCCAATGGCATAAAAGCAAATATCCTATGATAAAAAGTAGAAGGAAGCTTTCTGAGAA","-",NA,"CP068268_39050443_39150442.fa_CP068268_39050443_39150442","CP068268_39050443_39150442"
26,52003,52174,172,"ACTGCTTTGTGATGTGTGCATTCATCTCGCAGAGTTAAACCATTCTTTTGATACAGCAGTTTAAATAAACTGTATTTGTAGAATCTGGGAAAAGACATTTGGGAGAACTTTGAGGCTTATGCTGAAAAAGAAAATACCTTCAGATAAAAACTGGAAGGAAACTTCCTGACAA","-",NA,"CP068268_39050443_39150442.fa_CP068268_39050443_39150442","CP068268_39050443_39150442"
27,52175,52346,172,"ACTGCTTTGTGATGTATGCATTCATCTAACAGAGGTAAACACTTCTTTTCATTTAGCAGTTTGGAAACACTGTTTTTGTACATTCTGCAAATGGACATTTGGAAGCTCACTGAGGCCAGTGGTGAAAATGTGAATATCCCAAGATAAAAGCTAGAAGGAAGCTGTCTGAGAA","-",NA,"CP068268_39050443_39150442.fa_CP068268_39050443_39150442","CP068268_39050443_39150442"
28,52347,52524,178,"ATTGCTTTGTGATGTGTGAAGTAATCTCACAGATTTAAAACATTCTTGCCTTTCAGCATTTTGGAAACAATGTTTTTCTAAAATCTGCAAATGGACATTGTGGATCTCAATGAGGCCTAAGGTGAAAGAGAAAATATCTTTATCTTCAGATAAAAACTGGAAAGAAGCTTTCTGAGAA","-",NA,"CP068268_39050443_39150442.fa_CP068268_39050443_39150442","CP068268_39050443_39150442"
29,52525,52696,172,"ACCACTTAGTGATGTGTACATTCCTCTCACAGAGTTAAACCTTTCTTTTGATCCAACAGTTTGGAAACACTGTTTTTGTGGAATCTGTGAAAGTACATTTAAGAGGTCATTGTAGCCTGTGGTGAAAAAGAAAATATCTTCAGATAAAAAATGGAAAGAAGCTTTCTAAGAA","-",NA,"CP068268_39050443_39150442.fa_CP068268_39050443_39150442","CP068268_39050443_39150442"
30,52697,52868,172,"ACTGCTTTTTGTTGTGTGCATTAAACTCACAGAGTTAAACTTTTGTTTTGATCCAGCAGTTTGAAAACACTATTTTTGTACATTCTGTGAATGGACATTTGGGAAGTCATTTAGGCCAATGGTGAAAAAGTGAATTTTCCAATATAAAAACTAGAAGGAAGCTATCTGAGAA","-",NA,"CP068268_39050443_39150442.fa_CP068268_39050443_39150442","CP068268_39050443_39150442"
31,52869,53038,170,"ACTGCTTTCTGATGTGTGCATTCACCTCACAAAGGCAAACATTTATTTTGACTCAGGAGTATGGAAACTTTTTTTGTACATTCTGCTAATGGACATTTGGGAGCCCATTGAGGCCTATGGTGAAAAAGAAAATATCTTCAGATAAAAACAAGAAAGAAGCCTTCTGAGAA","-",NA,"CP068268_39050443_39150442.fa_CP068268_39050443_39150442","CP068268_39050443_39150442"
32,53039,53211,173,"ACCGCTTTGTGATTTGTGCATTCATCCCACAGAGTTAAACGTTTCTTTGGATTCAGTGGTTTGGAAACACTGTTTTTGTAGAATCTGAGAAAGGACATTTGGGAGTGCTTTGAGGCCTATTGTGAAATAAGAAAATGTGTTCAGATAAAAACTAGAAAGAAGCTTTCTGAGAA","-",NA,"CP068268_39050443_39150442.fa_CP068268_39050443_39150442","CP068268_39050443_39150442"
33,53212,53382,171,"ACTGGTTTGTGATGTGTGCATTCATCTGGCAGAGATAAAATTTCTTTTGATTCAGCAGTTTGGCAACACTCTTTTTGTACATTCTGTGAATGGATATTTGGGAGCTCATTGAGGCCAATGGTGAAAAAGAAAGTATCCCAAGACAAAAATTAGAAGAAAGCAATCTGTGAA","-",NA,"CP068268_39050443_39150442.fa_CP068268_39050443_39150442","CP068268_39050443_39150442"
34,53383,53554,172,"ACTGCTTGTTGAAATGTCCATTCATCACACACAATTAAGCCTTTCTTTTGATTCCACAGTTTGGAAACAGAGTTTTTGTACCTTCTGCGAATGGACATTCAGGAGCTCACTGAGGCCAATGGCAAAAGAGAGACTATCCCAGGATAGAAAGTACAATGAAGCTTTCTGAGAA","-",NA,"CP068268_39050443_39150442.fa_CP068268_39050443_39150442","CP068268_39050443_39150442"
35,53555,53719,165,"ACTGCTTTCTGTTATGGGCATTCATCTCACAGATTTGAATCTTTTGATTCAGCAGTTTGGAGACACTGTTTTTGTAATATCTGTGAAAGGACAATTGGGAGTGCATTTAGGCCTATGGTGAAAAAAATATCTTTATATAAAAACTAGAAGGAAGATTTCTGAGAA","-",NA,"CP068268_39050443_39150442.fa_CP068268_39050443_39150442","CP068268_39050443_39150442"
36,53720,53887,168,"ACAGCTTTGTGATGTGTGAATTACTCTGAGTTAAAACTTTCTTTTCATTCAGCTCTTCAGAAACAATGTTTATCTGAAATCTGCAAATGGACATTTGGGAGCTCATTGAGGCCTAAGGTGAAAAATAAAACATCTTCAAATAAAAACTAGAAAGAAACTTCCTGACAA","-",NA,"CP068268_39050443_39150442.fa_CP068268_39050443_39150442","CP068268_39050443_39150442"
37,53888,54059,172,"AACACTTTTTAATGTGTGCATTCATCTCACAATGTTGAAACTTTCTTTTGATTCAGCAGTTTGGAAACAATGTTGTTGTAGAATCTGTGAAAGAACATTTGGGAGTTCATTGAGGTCTATAGTGAAAAAGAAAATATCCTCAGATAAAAACTGGAAAGAAGCTTTATAAGAA","-",NA,"CP068268_39050443_39150442.fa_CP068268_39050443_39150442","CP068268_39050443_39150442"
38,54060,54232,173,"AATGCTTTGTGATGTGAGCATTCACCTCACAGAGTTAAACATTTCTTTTGCTTCAGGAGTTAGGAAACACTGCTTTTGCGCATTCTGTGGATGGATATTTGTGACCTCAATTGAGGTCAATGGTGAAAAAGTGAATAACCCAAGATTAAAACTAGAAGGAAGCTATCTGATAA","-",NA,"CP068268_39050443_39150442.fa_CP068268_39050443_39150442","CP068268_39050443_39150442"
39,54233,54402,170,"ACTGCTTTGTGATGTGTGCATTCATCTTACAAAGTTAAACCATTCCTTTGCTTAAGCAGTCTGGAAACACTGTTTTTATATATTCTGCAAATGGACATTTAAGAGCTCATTGAGGCCTATGGCGAAAACAAAAATATCTACAAATAAAAACTAGAAAGAACTTCTGAGAA","-",NA,"CP068268_39050443_39150442.fa_CP068268_39050443_39150442","CP068268_39050443_39150442"
40,54403,54574,172,"ACTGCTTTGTTATGTGTCCATTCATCTCACAGAGTTAAAGCTTTATGTTGATTCAGCAGTTTGGAATCACTGTTTTTGTAAAATCTGTGAAAGGATATTTGGGAGTGCATTGAGGCCTATGGTGAAAAAGAAAATATCTTCACATAAAAACTAGAAAGATGCTTTGTGAGGA","-",NA,"CP068268_39050443_39150442.fa_CP068268_39050443_39150442","CP068268_39050443_39150442"
41,54575,54747,173,"AACTGGTTTGTGATATGTGCATTGCTCTGGCTGAGAAAAACTTTTCTTTTGATTCAGCAGTTTGGAAACTCTGTATTTGTAGAATCTGCAAAAGGACATTTGGGAGTACTTGGAGGCCTATGTTAAAAAAGAAAATATCTTTAGATGAAAACAAGAAAGAAGCTTTCTGAGAA","-",NA,"CP068268_39050443_39150442.fa_CP068268_39050443_39150442","CP068268_39050443_39150442"
42,54748,54918,171,"ATTGCTTTGTGATGTGTGCATTTGTCTCACAGAATTAAACATTTCTTTCAATTCAGCAATTTGGAAACCCTCTTTTTGTACATTCTGCAAGTGAACATTTGGGAACTCACTCTGGCCAATGGCAAAAAAGGAAATACCCTAGGATAAAAACTAGGTGGAAACTATCTGAAA","-",NA,"CP068268_39050443_39150442.fa_CP068268_39050443_39150442","CP068268_39050443_39150442"
43,54919,55091,173,"TCTGCTTCATGATGTGTGCGTTCACCTCACAGAGTTAAACTTTTCATTTGATTCAGCAGTTTGGAGACCCTGTTTTTCTACATTCTTTGAATGGACATTTGGGAGTTCACTGAGGCCAATGGTGAAAAGGGGAATGTCCTAGGATTAAAAAGTAGAAGGAAGGTTTCTGAGAA","-",NA,"CP068268_39050443_39150442.fa_CP068268_39050443_39150442","CP068268_39050443_39150442"
44,55092,55263,172,"ATCGCTTTGTGATGTGTGCTTTCACCTGGCAGAGTTAAACCTTTCTTTTGATACAGGATTTGGTAAACACTGTTTGTGTGGATTCTGCAAAAGGACATTTGGGAGTGCATTGAGGCCTGTGGTGAAAAAGAAAATATCTTCAGATAAAAACTAGAAAGAAGGTTTCTGAGAA","-",NA,"CP068268_39050443_39150442.fa_CP068268_39050443_39150442","CP068268_39050443_39150442"
45,55264,55435,172,"ACTGCTTTGTGATGTGTACATTCACTTCAGAGATTTAAACATTTCTTATGATTCAGCAGTTTGGAAACACTGTTTTTGTACTTTCTGTGAATGGACATTTTAGAGCTCATTGAGGCCAATGGTGAAAAAGTGAATATCCCAAGATAAAAATTAGAAGGAAGCTATCTGGGAA","-",NA,"CP068268_39050443_39150442.fa_CP068268_39050443_39150442","CP068268_39050443_39150442"
46,55436,55606,171,"ACCACTTTGTGATGTATGATTTCATCTCACAGAGTTAAACTTTCTTTTGATTCAGCAGTTTGGAAACAATGTTTTTCTAGAATCGGCGAAAGGACATTGGGGAGCTCATTGAGGCCTAAAGTGAAAAAGAAAATATCTTCAGATAAAAACTACAAAGAAGCTTTCTGAGAA","-",NA,"CP068268_39050443_39150442.fa_CP068268_39050443_39150442","CP068268_39050443_39150442"
47,55607,55778,172,"ACTGCTTTGTGATGTGTGCATTCAACTCACAGAGGTAAATCTTTCTTTTGATTCAGCAGTTTGGAAACACTGTTTTTGTAAATTATGCGAATAGACATTTGGGAGCTCATTGAGGCCTATGGTGAAAAAGAAAACATCTTCAGATAAAAACTAGAAAGAAGCTTTCTGAGAA","-",NA,"CP068268_39050443_39150442.fa_CP068268_39050443_39150442","CP068268_39050443_39150442"
48,55779,55951,173,"ACCACTTTGTGATGTGTGCATTGTTCTCACAGAGTTAAACCTTTCTTTCGATTCAACAGCTTAGAAACACTGTTTTTTAGAATCTGCAAAAGTACATTTGGGACAGCATTGAAACCTATGGTGAAAAAGAAAATATCTTCAGATAAAAAAAATAGAAAGAAGCTTTCTAAGAA","-",NA,"CP068268_39050443_39150442.fa_CP068268_39050443_39150442","CP068268_39050443_39150442"
49,55952,56121,170,"AATGCTTTGTGATGTGTGCATTCATCTCTCAGAGTTAAAGCTTTCTTTTTATTCAGCAGTTTGGAAACTGTTTTTGTACATTCTGCGAATGGACATTTGGGAGGTTATTGAGGCCAATCATGAAAAAGTGAATATTCCAAGATAAAAACTAGATGGAAGCTATCTGAGAA","-",NA,"CP068268_39050443_39150442.fa_CP068268_39050443_39150442","CP068268_39050443_39150442"
50,56122,56294,173,"ACTTCTTTGTTATGTGTGCATTCATCCCACATAGATTAACCTTTCTTTTGATTCACAATTTGGAAACACTTTTTTTGTACCTTCTGCAAATGGACATTTAGGAGTGTTTTGAGGCCTATGGTGAAAAAGAAAAAATATATTCAGATAAAAACTAGAAAGATGTATTCTGACAA","-",NA,"CP068268_39050443_39150442.fa_CP068268_39050443_39150442","CP068268_39050443_39150442"
51,56295,56466,172,"ACTTCTTTGTGATGTGTGCCTTCATCTCACAGAGTTAAACCTTTCTTTTGATTCAGTAGTTTGGAGACACAGTTTTTGTCCATTCTGCAAATAGACATTTGGGAGCTCACTAAGGCCAAAGGCAAAAAAGCAAATATCTTAGGATACAAATAGGTAGGAAACTTTATGTGAA","-",NA,"CP068268_39050443_39150442.fa_CP068268_39050443_39150442","CP068268_39050443_39150442"
52,56467,56638,172,"ACTCCTTCGTGATGTGTGGATTCATCTCACAGAGTTAAAACATTCATTGGATTCAGCAGTTTAAAAACTCTTTTTTTGTAGAATCTGAGAAAAGGCATTTGGGAGCACTTTGAGGCCTATCGTGACAAAGAAAATTTCTTCAGATAAAAAGTAGAAAGAAGCTTTCTGAGAA","-",NA,"CP068268_39050443_39150442.fa_CP068268_39050443_39150442","CP068268_39050443_39150442"
53,56639,56810,172,"ATTGCTTTGTAATGGGTACATTTAACTCAAAGAGTTAACATTTTATTTTGATTCAGCAGTTTGGAAATAATGTTTTTGTACATTCTGTCAATGAGCATTTGGAAGTTCATTGAGGCCAATGGTGAAAAAGAAAATATTCCAAGACGAAAACTAGCAGGAAGCTATATGAGAA","-",NA,"CP068268_39050443_39150442.fa_CP068268_39050443_39150442","CP068268_39050443_39150442"
54,56811,56982,172,"ACTGCTTTGTGATGTGTGCATTCATATCATAAAGTTAAAACTTTCTTTTGATTCAGCAGTTTGGAAACACTGTTTTTGTAGAATCTGTGAAAAAAACATTTGGGAGAATATTGAGGCCTATGGTGAAAAGGAAGTATCTTCAGATAAAAACTAGAGTGAAGCTTTCTGAGAA","-",NA,"CP068268_39050443_39150442.fa_CP068268_39050443_39150442","CP068268_39050443_39150442"
55,56983,57152,170,"ATTCTCTGTGATGTTTCCATTTACCTCACAGAGATAAACCATTCTTTTGGTTCAGAATTTGGAAACACTGTTTTGCTACATTCTGAGAATGGACATTTGAGGGTCCATTGAGGCCTATGGGGAAAAAGAAAATATTTTCAGATAAAAAGTAGAAAGGTGATTTCTGAGAA","-",NA,"CP068268_39050443_39150442.fa_CP068268_39050443_39150442","CP068268_39050443_39150442"
1,57338,57509,172,"ACCACTTTGTGGTGTATGCATTCATCTTGCAGGGTTAATCTTTTCTTTGGATTTGGGAGGTTGGAAACACTGTTTTTGTAGAATCTGTGAAGGCACATTTGGGAGCTCACTGTGGCCAATGGCGAAAAAATGAATATCCCAGGACAAAAACCTAAAGGAAGCTATCTGAGAA","+",NA,"CP068268_39050443_39150442.fa_CP068268_39050443_39150442","CP068268_39050443_39150442"
2,57510,57680,171,"ACCACTTTGTGATGTGTGCATTCATCTCACTGAGTTAAACCTTACTATGATTCAGCAGCTTGGAAACACTGTTTTTGTAGAATCTGCAAAAGAACATTTGGGAGAGCATTGAGGCCTATCATGAGAAAGGAAATATATTCAGATAAAAACTGTAAAGAAGATTTCTGAGAA","+",NA,"CP068268_39050443_39150442.fa_CP068268_39050443_39150442","CP068268_39050443_39150442"
3,57681,57852,172,"ACTGCTTTGTGATGTGTGCCATCATCTCACAATGTTAAACCTCTTTTTTGATCCAGCAGTTTGGAAACACCGTTTTCATAGAATCTGCGAATGGACATTTGGGAGCTCATTGAGGCCAATGGTGAAAAAGCCAATGTCCCAAGATAAAAACTGGAAAGCAGTTGCCTGAAAA","+",NA,"CP068268_39050443_39150442.fa_CP068268_39050443_39150442","CP068268_39050443_39150442"
4,57853,58023,171,"ACCGCTTTGTGATGTGTGCATTCAACCTGCAGAGTTAAAACTATCTTTTGATTTAGTATGTTGGAAGCAGTGTTTTTGTAGAATCTGCAAAAGGACATTTGGGAACTCATTGGGCCAATGGTGAAAATGCCAATATAACAAGATAAAAACTAGAAGGAAGCTATCTGAGAA","+",NA,"CP068268_39050443_39150442.fa_CP068268_39050443_39150442","CP068268_39050443_39150442"
5,58024,58193,170,"ACCACTTTGTGATGTGTGCATTCAACTCAGAGTTAAATCTATCTTTTGATTCAGCAGTTTGGAATCAATATTTTTGTAGAATTTGCGAATGCACCTTTGGGAGATCATTCAGGCCAAAGGTGAAAAAGCCAATATCCCAAGATAAAAACTAGATGGAAGCTATGTGAGAA","+",NA,"CP068268_39050443_39150442.fa_CP068268_39050443_39150442","CP068268_39050443_39150442"
6,58194,58363,170,"ACCACTTTGTGATGTGTGCATTCAACCTGCAGAGCTAAATCTTTCTATTGATTCTGCAGTTTGGAAACTGTTTTTCTAGAATCTGTGAAAAGACATTTTGGAGTGCTCTGAGGCCTATGGTGAAAAAGAAAATATCTTCAGATAAAAACTAGAAATAAGCCATCTGACAT","+",NA,"CP068268_39050443_39150442.fa_CP068268_39050443_39150442","CP068268_39050443_39150442"
7,58364,58537,174,"ACTGGTTTGTGATGTGTGCATTCATCTCACAGACTTGAACCTTTCTTTTCATTCAGTAGTTTGGAAACACAGTTTTAGTAGAATCTGGGAAAGGACATTTGGGAGCACATTGAGGCCTAAGCTGAAAAAGTAAATATCTTCTGATGAAAACCAGAAAGAAGCTTTATGCGAAAG","+",NA,"CP068268_39050443_39150442.fa_CP068268_39050443_39150442","CP068268_39050443_39150442"
8,58538,58707,170,"CGCTTTTTGGTGTGTGCATTAATCTCACTGTGTTAAACCTTTCTTTTGATGCAGCAGTTTGGAAACACTGTTTGCATTCATTCTGTGAAAGGACTTTTGGAAGCTCATGTAAGTCAATGGTGAAAAAGTGAATATCTGAAGATAAAAACTAGAAGGAATATATCTGAGAA","+",NA,"CP068268_39050443_39150442.fa_CP068268_39050443_39150442","CP068268_39050443_39150442"
9,58708,58879,172,"ACCACTTTGTGATGTGTGCATTCATCTCACAGAGCTAAAACTTTCTATTGATTCAGCAGTTTGGAAACACTGTTTTTGTAGAATCTGTGAAAAGACATTTGAGAACCATTTGAGGCCTATGGTGAAAAAGAAAATATCTTCATATAAAAACTAGGAAGATGCTTTCTGACAA","+",NA,"CP068268_39050443_39150442.fa_CP068268_39050443_39150442","CP068268_39050443_39150442"
10,58880,59051,172,"ACTACTTTGTGATGTGTGCATTCATCTCAAAGAGTTAAACCTTTCTTTTGATACAATAGTTTGGTAACACTGTTTTTGTTTAATCTGGGAAAAGACATTTGGGAGTGCATTGAGGCATATGATGAAAAAGAAAATATCTTAAGATAAAAACTGGAAAGAAGTTTTCTGAGAA","+",NA,"CP068268_39050443_39150442.fa_CP068268_39050443_39150442","CP068268_39050443_39150442"
11,59052,59225,174,"ACTGCTTTGTGATGTGTGCATTCATCTCACAAAGGTAAAACTTTCTTTTGATTGAGCAGTTTGGAAACACTGTTTTTGTACAATCTGTGATTGGACATTTGGGAGCTAATTGAAGCCAATGATGAAAGAGCATATACCTCAAGATAAAAACAAAAAGGAAGCTATCTGTGAAAC","+",NA,"CP068268_39050443_39150442.fa_CP068268_39050443_39150442","CP068268_39050443_39150442"
12,59226,59394,169,"CTTTTTGAAATGTATGCATTCATCTCACAGATTTAAACCATACTTTTGATTCAGCAGTTTGGAAACACTGTATTGTAGATTCTGTGAAAGGACATTTTGGAGAGCATTGAGGCCTGAGGTAAAAAAGGAAATATCTTCAGATAAAAACTACAAAGAAGCTTTCCGAGAA","+",NA,"CP068268_39050443_39150442.fa_CP068268_39050443_39150442","CP068268_39050443_39150442"
13,59517,59684,168,"ACTGCTTTGTGTTGTGTGCATCTCACGAAGTTAAACCTTTCTTTTGATTCAGCAGTTTAGAAACACTGTTTTTGTACATTTTGTGAGTGTTCATTTGGGGGCTCATTGAGGTCTACGGTGAAAAATAAAATACCTTCAGATAAAAACTAAAAAGAACCTTTCTGAGAA","+",NA,"CP068268_39050443_39150442.fa_CP068268_39050443_39150442","CP068268_39050443_39150442"
14,59685,59855,171,"ACTGCTCTGTAATGTGTGCATTCATCTCACAGAGTTAAACCTTATCTTGATTCAGCAATTTAGAGACACTGTTTATGTACTTTCAACGAATGGACAGTTGGCAGCTCACTGAGGCCAATGATGAAAAAGAAAATATATTCGGATAAAAACTACAAAGAAGCTTTCTGAGAA","+",NA,"CP068268_39050443_39150442.fa_CP068268_39050443_39150442","CP068268_39050443_39150442"
15,59856,60026,171,"ACTGCTTTGTGATGTGAGCATTCATCTCACAGAGTTAAAGCTTTCTTTTGATTCAGCAATTTGGAAACACTGTTTTTTACATTATGTGAAAGGACACTTGAAAGTGCATTGAGGCCTATGGTGAAAAATAATATATCTTCAGATAAACACTAGAAAGAATCTTTCTGAGAA","+",NA,"CP068268_39050443_39150442.fa_CP068268_39050443_39150442","CP068268_39050443_39150442"
16,60027,60196,170,"ATGTTTTTGATGCATGCATTCATTTCATAGAGTTAAAACTTTCTTTTGATTCAGCAGTTTGGAAATAATGTTTATGTACATTCTGCCAATGGACATTTGGGAACTCATTGAGGCCTGTGGTGAAAAATCATACATCCCAAGATAAAAACTAGAGGGAAGCTATCTGAGAA","+",NA,"CP068268_39050443_39150442.fa_CP068268_39050443_39150442","CP068268_39050443_39150442"
17,60197,60368,172,"ACCACTTTGTGATGTGTGCATTCATCTCACAGAAATAAACCTTTCTTTTCATTTAGCAGTTTGGAAACACTGTTTTTATAGATTCTGTGAAAAGACATTTTGGAGCACAATTAAGACTATGGTGAAAAAGAAATTATCTTCAGATAAAAACTGGAAAGAGTCTTTCTGAGAA","+",NA,"CP068268_39050443_39150442.fa_CP068268_39050443_39150442","CP068268_39050443_39150442"
18,60369,60537,169,"ACTGCTTTGTGATGTGTGCAGTTATCTCACAGAGTTATTCATTTGATTTAGCAGTTTGGAAACACCATTTTTTTTGCATTCTGGGAATGGACATTTGCGAGCTTATTGAGGCCTATAGTGAAGGCGAAAATATCTTCAGATAAAAACTAGAAAGAAGCTTTCTGATAGG","+",NA,"CP068268_39050443_39150442.fa_CP068268_39050443_39150442","CP068268_39050443_39150442"
19,60538,60705,168,"CTGCTTTGTGATGTCTGCTTTCATCTCACAGAGTGAATCCTTTCTTTTCATTCAGTGGTTTGGAAACACTGTCTTTGTATAGTCTGTGAAAGGCCATTTGAGAGCTCATTGGGGCCAAAGGCAAATAAGTGAATATCCCAGCATAAAAACTAAAAGGAAGCTATGTGA","+",NA,"CP068268_39050443_39150442.fa_CP068268_39050443_39150442","CP068268_39050443_39150442"
1,70038,70208,171,"ACTGCTTTGGGATGTGTGGATTCATCTGACAGAATTAAACCCTTCTTTAGATTTCAGAAGTTGGAAACACTCTATTTGGAGAATCTGTGAAAGGACATTTGAGAGCTTATTGCTGCCTGGGGGAAAAACCCAATATCCTTAGATAAAAACTAGAAAAAAGGCTTCTGTGAA","+",NA,"CP068268_39050443_39150442.fa_CP068268_39050443_39150442","CP068268_39050443_39150442"
2,70209,70381,173,"ACTACTTTGTGATGTGTGGAAACTTCTCACGGAGTTAAACCTTTCCTTTCATTCAGCAAGTTGGAAACATTCTTTCTGGAGAATCTGCAAAGGGACGTTTTGGCACCCATTAAGGCCTATGGGGGAAAACAGATTATCCCCCAATAAAAACTGCAAAGGAGCTATCTGTGAAT","+",NA,"CP068268_39050443_39150442.fa_CP068268_39050443_39150442","CP068268_39050443_39150442"
3,70382,70563,182,"CTGCTTTGTGATGTGTGGTATCATCTCATAGAGTTAAACCTTTGTTTTGATTCACCATGTTCAAAACATTCTTTTTGGAGAATCTGTGAAGGGACATTTGGGAGCCCATGGAGGCCTATGGAGAATTACTGAATAAGCCCCAACAACAACAAAAAAAAAATAGAAAAAAAGAAATCTATGAA","+",NA,"CP068268_39050443_39150442.fa_CP068268_39050443_39150442","CP068268_39050443_39150442"
4,70564,70737,174,"ACTGCTTTGTGTTGTTTGGATTATTCTCACAGATAAAACCATTCTTCTGATTCGGCAGTTTGGAAAAACTGTTTTTGTATAATCTGTGAAGAAAAATATGTGAGCAAATTGAGGCCTAAAGGGAAAAATTGAATATCCCCTGATAAAATCTGGAATGAAGCTATCTGTGAAAAC","+",NA,"CP068268_39050443_39150442.fa_CP068268_39050443_39150442","CP068268_39050443_39150442"
5,70738,70912,175,"ATTTTGTGATATGTGGATTTATCTGACATAGTTAAAACTTTCTTTTGATTCAGCAGGGTTGGAAACACTCTAACTGGGGAATCTGTGAAGAGACATTTGGGAGCTCTTTGATGCCTATAGGGATAAACTGAATACCCAAGGAAAAAAAGAAAACTAGAAAGAAGCTAACTGTGAA","+",NA,"CP068268_39050443_39150442.fa_CP068268_39050443_39150442","CP068268_39050443_39150442"
6,70913,71084,172,"ACTGCTTTTTGAGGTATGGATTCATCTCACAGAGTTGAAACTTTCTTTTGATTCAGCACATTGGAAAAACTTTTTTTTGGAGAATCAGTGAAGAGACATTTGGGAGCCCATTGAGCCTCTGGGGAGAAACAAAATATCCCCAGCTAAAAATTAGAAGGAAGCTATCTATGAA","+",NA,"CP068268_39050443_39150442.fa_CP068268_39050443_39150442","CP068268_39050443_39150442"
7,71085,71256,172,"ACTGCTTTGTGATGTGTGGATTCATCTCACAGATTTAAACCTGTGTTTTGAATCAGCAGATTGAAAACACTCTTTTTGAAGAATCTGTGAAGGGACATTTGGGAGCTCATTGAGGCCAATGGAAAAAAACTGAATGTCTCTGGATAAATACTAGAAATAAGCTATCTGTGAA","+",NA,"CP068268_39050443_39150442.fa_CP068268_39050443_39150442","CP068268_39050443_39150442"
8,71257,71430,174,"ACTGCTTTGTGAGGTGTGGATCCATCTCACAGAGTTAAACCTTTTTTGTTAATCCAGCATTTTGGAAACACTCCTTTTGGAGAACCTGTGAAGCAACATTTGGGAGCCCATTGAGAAATATGGGAGGAAAAACGAATATCCTCAGACAAAAACTAGAAAGAAGCTATCTGTGGA","+",NA,"CP068268_39050443_39150442.fa_CP068268_39050443_39150442","CP068268_39050443_39150442"
9,71431,71602,172,"AGTTCTTTGTGATGTGTAGATTCACCTCACAGAGTCAAACCTTTCTTTTGATTCAGCAGGTTGGAAAACTCTTTTTAGAGAATCTGTGAAGGGACACTTGGAGCCCATTGAGTCCTATGGGAAAAAAACAGAATATGCCCAGATAAAAACTAGAAAGAGGGTATCTGTGAAG","+",NA,"CP068268_39050443_39150442.fa_CP068268_39050443_39150442","CP068268_39050443_39150442"
10,71603,71772,170,"CTGCTTTGCGATGGGTGGATTCATCTCCGAAGGTTAAACCTTTCTTTTGATTCATCAGGTTGGAAACACTCTTTTTCGAGAAACTGAGAAGTGACACTTGGGAGCCTTTGAGTACTATGGGAAAAAACCCAATATCACCAGATAAAAACTAGAAAGAAGCAATCTGTGAA","+",NA,"CP068268_39050443_39150442.fa_CP068268_39050443_39150442","CP068268_39050443_39150442"
11,71773,71943,171,"ACTGCCTTGTGATGTGTGAATTCATGTCAGAGAGTTAGCTCTTTCTTTTTTTCAGCAGGTTGGAAACACTCTTTTTAGAGAATCTGTGAAGGGACATTTGGGAGCCCATTGAGGCCAAAGGGGAAAAACAGAATACTTTAAGATTAAAACTACAAAGAAGCTATCTGCAAA","+",NA,"CP068268_39050443_39150442.fa_CP068268_39050443_39150442","CP068268_39050443_39150442"
12,71944,72121,178,"ACTGCTTTGCGATGTGTGGATCATCGCACGTGGTTTAATCTTTTATTATTATAATTATTCAACAGGTTGGAAACCCTCATTTTGGAGAATCTGCAGAGAAATATTTGACTGCCCATTGAGGCCAATGGGGTAAAACAAAATATCCCTAGGTAAAAACTAGAAAGAAGGCATCTGTGAA","+",NA,"CP068268_39050443_39150442.fa_CP068268_39050443_39150442","CP068268_39050443_39150442"
13,72122,72291,170,"ACTGCTTTGCGATGTGTTGATTCATCTCACAGAGTTAAAATATTTTTTGATTCAGTAGGTTGGAAACACTCTTTTTGGAGAATCTGCAAAGCTATATTTGGGAGCCATTGAGGCCTATGGGAAAAAACTGAATATCTCCAGATAAAAACTAGAAAGAAGCTATCTGTGTA","+",NA,"CP068268_39050443_39150442.fa_CP068268_39050443_39150442","CP068268_39050443_39150442"
14,72292,72461,170,"ACTGTTTTGTGATGGGTGGATTCATCTCACAGAGTCAAAACTTTTTGTTGATTCAGCAGGTTGAAAGGACTGTTTTTAGAGAATCTGTGTAGGGACATTTGGGAGACCATTGAGATCTATGGAAAGAACGAATATCCCCAGGTGAAAACTAGAAAGAAGTTATTTGTGAA","+",NA,"CP068268_39050443_39150442.fa_CP068268_39050443_39150442","CP068268_39050443_39150442"
15,72462,72633,172,"ACTGCTTTGTGATGTGTGGATTAATCTGCAATAGTAAAGCCTTTCTTTTCATTCAGGAGGTTGGAAACAGTCATTTTGGGGAATCTGTGAAGGGACACTTGGGAGCCCATTGAGGCCTATGGGGAAAAAAGGAATATCCCCAGATAAAAACTACAAAGAAGCAATCTGTGAA","+",NA,"CP068268_39050443_39150442.fa_CP068268_39050443_39150442","CP068268_39050443_39150442"
16,72634,72801,168,"ACTGCTTTGTGATGTGTGGATTCAGCTCAGAGATTTAAACTTTCTTTTGATTCAGCAGGTTGCAGATCTTCTTTTTATAGAATATACAAAGGTCAATTTAGGGGCCCTTTGAGGCCTATGGGGAAAAACAGATTATCCCCAGATAGAAAGAGAAGAATCTACCATGAA","+",NA,"CP068268_39050443_39150442.fa_CP068268_39050443_39150442","CP068268_39050443_39150442"
17,72802,72972,171,"ACTGCATTGTGATTTGTAGACTCACCTCACAGAGTTAAGCCTTTCTTTTATGCAGAAAGTGCCAAGCCCTTTTTTTGGAGAATCAACGAAGAAATATTTAGGACCCCATTGAGGCCTATGGGGAGAAACAGAATATCCCCAGATAGAAACAAGGGAGAAGCAATCAGTGAA","+",NA,"CP068268_39050443_39150442.fa_CP068268_39050443_39150442","CP068268_39050443_39150442"
18,72973,73143,171,"ACTGCCTCATGATGTGTGCATTCATTTCTCAGAATTAAACTTTTCTTTGGCTTCAGCATGTTGGAAACACTGTTTTGTAGAATCTGCGAAGGGACTTTTGAGAGCCCAGTGAGACCTATGGGGAAAAATTGAATATCCCCATGTGAAAATGACAAGGAACCTAGCTGTAAA","+",NA,"CP068268_39050443_39150442.fa_CP068268_39050443_39150442","CP068268_39050443_39150442"
19,73144,73314,171,"ACTGCTTTGTGATGTGTGTATTCATCTCATAGAGATAAAAGCTTCTTTTGATTCAGCAGGTTGGAAACTTTTTTTTTGAAGAATCTGCAAAGGGACATTTGGGAGCCCATTGAGGTCTATTTGATAAAGCTGAATATTCCCAGATAAAACTAGAAAGAAGTTGTCTGTGAA","+",NA,"CP068268_39050443_39150442.fa_CP068268_39050443_39150442","CP068268_39050443_39150442"
20,73315,73486,172,"ACTGCTTTCTGATGTGTGGATTCATCTCACAGAGTTAAACCTTTCTTGTGATTCAGCAGGTCAGAAACTCTCTAATTGGAGAATCTCTGAAGGGGCATTCTGGTGCACATTGGGTCCTATGGGGAAAAATCGAATATCCCCAGATAAAAACTAGAAAAAAGCTACCTGTGAA","+",NA,"CP068268_39050443_39150442.fa_CP068268_39050443_39150442","CP068268_39050443_39150442"
21,73487,73660,174,"ACTGCTTTGTGATGCCTGGATTCACTTCACAGAGCTAAACCATTTTTTTGTCTCTGCAAGTTGGAAACACTTCTTTTGGAGAATCTGCAAAGGGTTATTTGCAAGCCCATTGAGGGCTATGGGGAAAAACAAAATATCCCCAGATAAAAACTAGAAAAAAATCTATCTTTTACT","+",NA,"CP068268_39050443_39150442.fa_CP068268_39050443_39150442","CP068268_39050443_39150442"
22,73661,73830,170,"CTGCTTTGTGATGTGTTGATTCATTTCACAGAGGTAAACTTTTACCTTGATTCTGCAAGTTGGAAACACTCTTTATAGAATCTGTGAAGGTCCATTTGGAAGCACATTGAGGCCTATGGAGAAAAACTGAATATCTCAAGATTAAAAACTAGAAAACAGCTTTTTGTGAC","+",NA,"CP068268_39050443_39150442.fa_CP068268_39050443_39150442","CP068268_39050443_39150442"
23,73831,74002,172,"ACTGCTTTGTGATTTGTGGTTTCATCTCACAGAGTTCACCCTCTCTTTTGTTTCAGCAACTTGGAGGCACTCTTTTTGTAAAATCTACAGAGGGACATTTTGGAGCCCATTAAGGCCTATGGGAAATAATTGAATGTCCCAAGAAAAAAACTAGGAAAAAGTTACCTGTGAA","+",NA,"CP068268_39050443_39150442.fa_CP068268_39050443_39150442","CP068268_39050443_39150442"
24,74003,74173,171,"ACTGCTTTGTTATGTGTTGATTCATCTCATAGACTTAAACCTATGTCCTGATTCACCAGATTGGAAACATTCTTTATGGAGAATCTACGAAGGGCCATTTGGGAGCCCACTGAGGCTGATGGGGAAAGACTGAATACACCAGATAAAAACTAGAAGGAAGCTATCTGTGAG","+",NA,"CP068268_39050443_39150442.fa_CP068268_39050443_39150442","CP068268_39050443_39150442"
25,74174,74343,170,"ACTGCTTTGTGATGTGTGGATTCTTCTCACAGACTTAAAACTTATTTTCATTCATCAGGTTGGAAACACTCTTTTTGGAGAATATGCAAAGAAACATTTTGGAGCCCGTTGAGGCCTTGGGGAAAAACTGAATATATCCAGATAAAAACTAGAAAGAAGCTATCTGTGAA","+",NA,"CP068268_39050443_39150442.fa_CP068268_39050443_39150442","CP068268_39050443_39150442"
26,74344,74513,170,"ACTATTTTGTGATGTGGGGATCCATCTCACAGAATTAAACTTTCTTTTGGTTTAGCAGTTTGGAAACACTCTTTTTGTAGAATCTGTGAAGAAACATTTTTGGTCAAATTGAGGCCTAAGGGGAAATACAAATTATCCCCAGATAAAAACAACAAGAAGCTAACTGAGAA","+",NA,"CP068268_39050443_39150442.fa_CP068268_39050443_39150442","CP068268_39050443_39150442"
27,74514,74685,172,"ACTGCTTTGTTTTGTGTGGATTCATCTCATGGAATTAAACCTTTCTTTGGATTCACCAGTTTATAAACACTTTTTTTGGAGAATCTGTGAGGAGATATTTGGGAGCCCATGGAGGCATATGGAGGAAAACTAAACATTCCCAGATAAAAACTAGAAAGAAGCTATATGTGAA","+",NA,"CP068268_39050443_39150442.fa_CP068268_39050443_39150442","CP068268_39050443_39150442"
28,74686,74858,173,"ACTGGTTTGTTATGTGTTGATTCATTTCACAGAGATAAACCTTTATTTTGATTCAGCACATCAGAAACATGTTTTTTGAAGAATCTGCAAAGGGACTTTTGTGAGCAAATTGAGGCCAATCAGGAAAAACAAAATATCCCCAAATAAGAACTTGAAAAATATCTATGTGTCAA","+",NA,"CP068268_39050443_39150442.fa_CP068268_39050443_39150442","CP068268_39050443_39150442"
29,74859,75032,174,"ACTGACTTGTAATGTGTGGATTCATCTCAGAGTGTTAAACCTTTGACTTGATTCAGCAGGTTAGAAAAACTCTTTTTGGAGAATATCCAAAGGGACATTTGGCAGCCAATTGAGGCCTATGGTAAAAAAATGAATAATCAATGATTAAAAACTAGAAAGAAGCTATCTCTGAAT","+",NA,"CP068268_39050443_39150442.fa_CP068268_39050443_39150442","CP068268_39050443_39150442"
30,75033,75203,171,"CTGCATTGTGATGTGTGGATTCATCTCACAGAATTAAACCTTTCTTTTGATTCAGCATGTTGGAAACATTATTTTTGTAGAATCTGTGAAGAAACATTTGAGAGCAAATTGAGGCCTAAGGGGAAAAATGAAATATTCCCAGATAAAAATTACAAAGAAGCTATCTGAGAA","+",NA,"CP068268_39050443_39150442.fa_CP068268_39050443_39150442","CP068268_39050443_39150442"
31,75204,75375,172,"ACTGCTTCATTACGGGTGGATTCATTGCAAAGAATTAAACCTTTCTTTAGATTCAGCAGGTCATAAACACTCTTCTTGGAAAATCTGCAAAGGGACATTTTAAAGCCCATGGACACCTTTGTGGAAAAATATAATGTCCCCAGATAAAAATTAGAAAGAAGCTATCTGTGAA","+",NA,"CP068268_39050443_39150442.fa_CP068268_39050443_39150442","CP068268_39050443_39150442"
32,75376,75547,172,"ACTCCTTTGTTATATATGAATTCATCTCACAGAGGTAAAACTGTATTTTGATACATCAGGTTGGAAACACTCTTTTTGGAGAATCTGTGAACTGACATTTTGGAGGCCATTGAGGCCTATGGGGAAACACGAAATACCCCCAGATGAAAACTAGAAAGAAGCTATCTGTGAA","+",NA,"CP068268_39050443_39150442.fa_CP068268_39050443_39150442","CP068268_39050443_39150442"
33,75548,75719,172,"ACTGCCTTGTGGTGTGTGCATTCAGCTCACAAAGTTAAAAGTTTCTATTGATTCAGCAGGTTTTAAACATTCTTTTTAGAGAATCTGTAAAAGGATATTTCAGAGCTCATTTAGACCTATGGAGAAATACCAAATAAATCAAGATAAAAATTAGAAAGAAGCCCTCTGTGAA","+",NA,"CP068268_39050443_39150442.fa_CP068268_39050443_39150442","CP068268_39050443_39150442"
34,75720,75894,175,"ACTGCTTTGTGATGTGTGGATTGATCCCACAGAGTTAAACTTTTCTTTTGATCCAGCAGGTTGAAAGCACACCTTTTGTAGAATCTGCAAATGAACATTTGGCTGCCTGTTGAGGCCTATGAGAAGAAAGTAAATATCCTCAGATGAAAACAGGAAGGAAGCTCTCTGTGAAACA","+",NA,"CP068268_39050443_39150442.fa_CP068268_39050443_39150442","CP068268_39050443_39150442"
35,75895,76060,166,"ACTGATATGTGTGGATTCATCTCACAGAGTTAAACTTTGTTTTGATTCAGCAGGTTGGGAACAATGTTTTTGGTGAACCTGCGAATGGAAATTTCAGAGCCCACTGAGGTCTATAATTAAAAATCTAATCTCTCGAGATAAAAGCTAGAATGAAGGTATCCATGAA","+",NA,"CP068268_39050443_39150442.fa_CP068268_39050443_39150442","CP068268_39050443_39150442"
36,76061,76229,169,"ACTGATTTTTGATCTGGGGATCCCTGTTACAGAGATAAAACTTTCTTTTGATTCAGCAGGTGGAACACTCTTTTTAGACAATCTGCAAAGGGACATTTGGGAGTTCATTGAGACCTATGGGGAAAAACGAAATACCCCACATAAAAACTAGAAAGTCGCTATATGTGAA","+",NA,"CP068268_39050443_39150442.fa_CP068268_39050443_39150442","CP068268_39050443_39150442"
37,76230,76402,173,"ACAGTTTTGTGACATGTGGACTCATCTCAGAGATTTAAACCATTCTTTTGATCCAGCAGGTTGGAAACACTCTTTCTGTAGAATTGGAGAAAAGACATTTTGGTGCTCATTGGGGCCTTTGGGAAAAAAACTGAATATCCCCAGGTAGAAACTGGAAAGAAGCTCTCTGTGAA","+",NA,"CP068268_39050443_39150442.fa_CP068268_39050443_39150442","CP068268_39050443_39150442"
38,76403,76574,172,"ACTACTTTGTGTGGCCTGGATTCATCTCACAGAGTTAAAAATTCCTTTTGATCCAACAGGTTGGAAACACTCTATTTAAAGAATCCGCCAAGGGACATTTTAGAGCCCATTTAGGCCTATGAAGAAAAACAGAATATATGCAGATAAAAACTAGAAAGAAACTATCTGTGAA","+",NA,"CP068268_39050443_39150442.fa_CP068268_39050443_39150442","CP068268_39050443_39150442"
39,76575,76746,172,"ACTGCTTTGTGATGTGAAGATTCTTCTCACAGAGGGAAAACTTTATTTTTATTCCACAAGTTGGAAACACTCTTTTTGTAGAACATGCAAGGAAACATTTGGGATTCCATAGATGCTTATGGGAATAAACTGAATATTTCCAGATAAAAACTAGAAACAACCTAAATGTGAA","+",NA,"CP068268_39050443_39150442.fa_CP068268_39050443_39150442","CP068268_39050443_39150442"
40,76747,76920,174,"ACTGCTTGGTAATGGTTCAATTCATCTCACAAAGTTAAACTTTGTTTTGATTCAGCAGGTTGGAAACACTGTTTTGGAGAATGTGTGAAGGGACATTTGGGAAACCATTGAAGGCTATGGGGAAAACAAATTATCCACACATAAAAGCTACAAACAAGATATCTTACCTGTGAA","+",NA,"CP068268_39050443_39150442.fa_CP068268_39050443_39150442","CP068268_39050443_39150442"
41,76921,77092,172,"ACTGCTTTGTGATGTGTGAATTCAACTCACAAAGTTAAACCTTTCCTTTCATTCAGCAGGTTGGAAACACTCTTTTTCAAAAATACATAAAGGGACATTTGGGAGCCCATTGAGTCCTGTGAGGAAAAACTGAATATCCCCATATAAAAACTGCAAAGACGTTATCTATGAA","+",NA,"CP068268_39050443_39150442.fa_CP068268_39050443_39150442","CP068268_39050443_39150442"
42,77093,77262,170,"ACTGCTTTGGGATGTGTGAATTCATCTCACAGACTTAAACCCTTCTTCTGATTCAGCAGGTTGAAAATACTCTTTTCAAAGAATATGCAAAAAGACATTTGGGAGCCCATGAGGCCTAAGGAAAAAAAAGGAATATTTTTTAGGGAAAAAATTGAAAAAATATCTGTGCA","+",NA,"CP068268_39050443_39150442.fa_CP068268_39050443_39150442","CP068268_39050443_39150442"
43,77263,77433,171,"ACTGCTTTGTGATGTGTGGCTTCATCTCCCACAGTTAAGCTATTCTTTTGATTCAGTAATGTGGAAACACTCTATTTGAAGTATCTGTGAAGGGACATTTGGAAGCCCATTGAGGACTATGAGTAAAACTGAATATTCCAAGATAAACACTAGAAAGAAACTATCTGTCAA","+",NA,"CP068268_39050443_39150442.fa_CP068268_39050443_39150442","CP068268_39050443_39150442"
44,77434,77605,172,"ACTGCTTTGTGATGTGTGGATTCATCTCACAGAGTTAAACATTTATTTTGATAAAGCAGGTTAGAAATAGTGTTTTTGGAGTAACTATGAAGAGACTTTTGGGAGCCCTTTGGGATCTATGGGGATAAATCGAATATCCCCAGAGAAAAACTGGAAAGAAGGTATCTGTAAA","+",NA,"CP068268_39050443_39150442.fa_CP068268_39050443_39150442","CP068268_39050443_39150442"
45,77606,77775,170,"ACTGCTTTGTGATGTATGGATTCATCTAACAGAGATAAACCTTTCTTTTGATACACTAGTTTGGAAATATATTTTTGTAGAATGTGTGGATTGACACTTTGGAGCCGATTAAGGCCTATAAATAAAAATTGATAACCCACAAGAAAAACTAAACAGAAGCTATCTTTGAA","+",NA,"CP068268_39050443_39150442.fa_CP068268_39050443_39150442","CP068268_39050443_39150442"
46,77808,77969,162,"AGTTAAAGATTTCTTTTGATCCAGTTAAACCACCCTTCTGATTCAGGAGGCTGGAAATGCTTTTGTTGGAGTATCTGCAAAGGGACATTTGGAAGCCCATTGAGTCCTATAAGTGAAAACTGAATATCCCCAGATACAAACTAGAGAGAAGATATCTGTGAA","+",NA,"CP068268_39050443_39150442.fa_CP068268_39050443_39150442","CP068268_39050443_39150442"
47,77970,78140,171,"ATTGTTTTGTGATGTGTGAATTCATCTCAAATAGTTAAACCTTTCTTTTGATCCAGCAGGTTGAAAACACTCTTTTTGAGAATCTGACAAGGGACATTTGTGAGCCCATTGAGGACTATGGGGAAAAACTGGATATCCCCAGAGAAAAACTAGAAAGAAGCTATCTGTGAT","+",NA,"CP068268_39050443_39150442.fa_CP068268_39050443_39150442","CP068268_39050443_39150442"
48,78141,78311,171,"ACTTCTTTGTGATGTATGGATTCATTTCACATAATTAAATATCTCTGTTCATTCAACAGATTAGAAACAATCATTTGTAGAATCTGCAAAGAGATATTTGGGAGCCAACTGATGCCTATAAGTAAAAACTGAATATTCCCAGATAAAACCTAGAAAGAAGCTATCAGTGAA","+",NA,"CP068268_39050443_39150442.fa_CP068268_39050443_39150442","CP068268_39050443_39150442"
1,79188,79358,171,"AATGTTTTGTGATGTGTGGATTCATCTCACAGAATTAAATCTTTCTTTTGATTCACCAGGTTGCAAACACTCTTTTAGGAGAATCTGAGAAGGCATAGTTGGGAGCTCATTGAGGCCTAGAGAGAAAGATCGAATATAGCCAGATGAATACTAGAAAGAAGCTATCTATAA","-",NA,"CP068268_39050443_39150442.fa_CP068268_39050443_39150442","CP068268_39050443_39150442"
2,79359,79528,170,"ACTGCTTTGTAATGTGTGGATTCATCTCACACAGTTAAACCATTCTTTTGATTGAGCAGATTTGAAACACTTTTTGAAGAATCTGTGAAGAGACATTTGGAAGCCTCTTGAGGCCAATAGAAATAAACAGAATATCCCCAGATAAAAACTAGAAAGAAGCTATCTATGCA","-",NA,"CP068268_39050443_39150442.fa_CP068268_39050443_39150442","CP068268_39050443_39150442"
3,79529,79700,172,"AAAGCTTTGTGATGTGTGGATTCATCACACACAGTTAAACTTTCGTTTTGATACACCAGGTTGGAAACACTCTTTCTGGAGAATCTGTGAAAGGACATTTGGGAGCCCACAGGGTCCTATGGGGATAAATTGAATATCTCTAGAGAAAAACTAGAAAGAAGCTATCTGTGAA","-",NA,"CP068268_39050443_39150442.fa_CP068268_39050443_39150442","CP068268_39050443_39150442"
4,79701,79870,170,"ACTGCTTTGTGATGTCTGAATTTATATCACAGAATTAAACCTTTCTTTTGATTCAGAAGGGTGAAAACACTCTTTTTGGAGAATTTTCAAAGGGACATTTGGGAACCCATTTTGGCCTATGGAGGAAAAAAAATATCCCCAGATAAATATAGAAAGAAGCTGTGTGTGAA","-",NA,"CP068268_39050443_39150442.fa_CP068268_39050443_39150442","CP068268_39050443_39150442"
5,79871,80042,172,"ATGGATTTGTGATATGTGGATTCATCTCACAGAGTTAAACCATTCTTTTGATTTAGCAGGTTCGAAACACTCTTTTTGGAGCATCTGCAAAGGGACATTTGAAAGCTCTTTGAGTCCTATAAGGCAAAACAGAAATTCCCCATATAAAAACTAGAAAGAAGCTATCTGTGAA","-",NA,"CP068268_39050443_39150442.fa_CP068268_39050443_39150442","CP068268_39050443_39150442"
6,80043,80214,172,"ACTGCCTTTTGATGTGTGGATTTATCTCACAGAGTTAAACCTTTCTTTTTATTCAGCAGATAGAAATCACTCTATTTGGAGAACCTGTGAAGGGACATTTGGGAGTCTATTGAGGCCTATGGGGGAAAATCAAATATCCCCAGATAAAAACAGGAAAGACGCTATCTGTGAA","-",NA,"CP068268_39050443_39150442.fa_CP068268_39050443_39150442","CP068268_39050443_39150442"
7,80215,80384,170,"ATGCCTTTTGATTTGTGGATTAATCTCACAGAGTTGAAACCTTCTTTTGATTCGCAGTTTGGAAACACTCTATTTGGAGTATCAGCAAAGGGACATTTTGGAGCCCACTGGGGCCTGTGGGGAAAAAGTGAATATCCCCAGATAAAAACGAGAAAGAAGCTATCTGTGAA","-",NA,"CP068268_39050443_39150442.fa_CP068268_39050443_39150442","CP068268_39050443_39150442"
8,80385,80561,177,"AACCACTTGTGATGTGTGGGTCATCTCACAGAGTTAAACCTTATTTTGATTCAACAGGTTTGAAAGACTTTTTAGAGAATCTGCAATGAAACATTTTGGAGCCCATTAAGGCCAATGTGGAAGAGCTGAATATCCCCAGATAGAGCAGATAGAAACTAGAAAGAAGCTATCTGTGAA","-",NA,"CP068268_39050443_39150442.fa_CP068268_39050443_39150442","CP068268_39050443_39150442"
9,80562,80729,168,"ATTGCTTTGTGATGTGTGGATCCATCTCACAGACTTAAAGCTTTCATTTGATTCAGCAGTTTGGAAACCATCTATTTTGAAAATCTACGAATGCACATTTGGAGCACACTGAAGCCTATGGGCAAAACCGAGTATTCCCTGATAAAAAGTACAAAGAAGGTCTCTTAA","-",NA,"CP068268_39050443_39150442.fa_CP068268_39050443_39150442","CP068268_39050443_39150442"
10,80730,80902,173,"ACTCCTTTGTGATGTGTGGATTCATCTCACAGAGTTAAACATTTATTTTGTTACAGCAGTTTTAAAAATACTCTTTTTGGAGAATCTGTGAAGGAATATTTAGGAGCCACTTGAGGCCAATGGAAATAATCCGAATGTCCCCAGATAAAAACTAGAAAGAAGCTATCTGTGAA","-",NA,"CP068268_39050443_39150442.fa_CP068268_39050443_39150442","CP068268_39050443_39150442"
11,80903,81075,173,"AACTGCTCTGTGATGTGTGGAATCATCTCATATAATAAAAACTTTATTTTGTTTCAGCAGGTTGGAAACGCTTTTTTTAGATAATTTGCAAAGGGACATTTTTGAGCCCTTTGATGCCTATGGGGAAAAACGTAATATCCCAAGATAAAAACTAGAAAGAAACTATCTTTGAA","-",NA,"CP068268_39050443_39150442.fa_CP068268_39050443_39150442","CP068268_39050443_39150442"
12,81076,81224,149,"TTGTGATATGTCAATTCATCTCACAGAGTTTAATTTTTCTTTTCATTAAGCAGGTTGGAAACACTCGCTCTGACATTTGAGAGACCATTGAAACTTATGGGGAAAAATTGAATATCCCTGGATAGAAACTAGAAAGAGGCTTTCTGTAA","-",NA,"CP068268_39050443_39150442.fa_CP068268_39050443_39150442","CP068268_39050443_39150442"
13,81225,81389,165,"ACTGCTAATTGATGTGTGGATTCATCTCACGGATTTTTACCTTTTCTTTGATTCAAAAGGTTGAAAGCACTCTTTTTGGAGAATTTGCAAAGAGATATTTGGGAGCCCATTGAAGCCTAGGGGAAAAACAGTATATCACCAGATAAATGTTTGTGTGAAACAGAT","-",NA,"CP068268_39050443_39150442.fa_CP068268_39050443_39150442","CP068268_39050443_39150442"
14,81390,81556,167,"ACTGCTTTGTGATGTGTGGATTCATCTGCAAGAATTAAACATTTCCATTGATCCAGCAGATTGGAAACACTCTTTTTGGAAAATCTGTGAAGGGACATTCTGGAGCTTATTCAGGCCTAAGGGAAAAACTATTCCTAGATAAAAACTACAAATAAGTTATCAGTGAA","-",NA,"CP068268_39050443_39150442.fa_CP068268_39050443_39150442","CP068268_39050443_39150442"
15,81557,81727,171,"ACTGTTCTGTGATGTGTGGATTCATCTCACAGAGTTAAATCTTTCTTTGATTCAGCAGGTTGGAAACACCTTTTTTGGAGCATCTGCAAAGGGATCTTTGTGATCCCATTAAGTCCTATGGGGAAAAAATGAACATCCCCATATAAAACCTAGAAAGAAGCTATGTGTGAA","-",NA,"CP068268_39050443_39150442.fa_CP068268_39050443_39150442","CP068268_39050443_39150442"
16,81728,81900,173,"ACTGCTCTGTGATGTGTGGATTAATCTCACAGAGTTAAAACTTTCTTTTGATTCAGCAGTTTGGAAACACTCTATTTGGAGACTCTACGAAGGAACATTTTAGAGCCCAGTGAGGACTGTGGGGAAGAAGTGAATATCACCAGATAAAAAAGTAGAATGAAGCTATCTGTGAA","-",NA,"CP068268_39050443_39150442.fa_CP068268_39050443_39150442","CP068268_39050443_39150442"
17,81901,82069,169,"ACTGCTTGTGATGTGTGGGTCATCTCACAGAGGTAAAGCTTATTTTGATTCAACAGGTTGGAAACACTCTTTTTGGAGAATCTGCGATGAAACATTTGGGAGCCCATTAAGTCCTAAGTGTAAAAGGCAAATATCGCTATATAGAAACTAGAAAGAACGTATCTGTGAA","-",NA,"CP068268_39050443_39150442.fa_CP068268_39050443_39150442","CP068268_39050443_39150442"
18,82070,82249,180,"CTTGCTTTATAATGTGTAGATTCATCTCACAGAGTTAAATCTTTCTTCTGATTCAGCAAGTTGGAAACAGTCTTTTTTGAGAGTCTGCTAAGGGATAAATATCCCAAATGGGAGCCCACAGAGGTCTATGGGGTAAAAACGATTATTGTCTTATAAAAAGTACAAAGAAGATATCTTGAA","-",NA,"CP068268_39050443_39150442.fa_CP068268_39050443_39150442","CP068268_39050443_39150442"
19,82250,82421,172,"TACTGCTTTGTGATTTGTGGATTCATCTCACAGACTTAAAGCTTTCTTTTGATTCTTCAGGTTGGAAACACTCTTTTGAGAGAATCTGTGAAGGGACATTTGGAAGCCCATTGAGGCCTTTCTGGCAAACCAAATATTTCCAGAGGAAAACTAGATAGAAGTTATCTGTGAA","-",NA,"CP068268_39050443_39150442.fa_CP068268_39050443_39150442","CP068268_39050443_39150442"
20,82422,82592,171,"ACTTCTTCATGATGTGTGGATTCATCTCACAGAGATAACACTTTCTTTTGAATTGGCAGGTTGGAAACAGTTTTTTCTGGAGCAGCTGCAAAGGGATATTTGGGAGCCCATTGAGACCTGTGGGGCAAATAGAATATCCCCAGATGAAAATGAGAAAGAAGCTATTTGTGA","-",NA,"CP068268_39050443_39150442.fa_CP068268_39050443_39150442","CP068268_39050443_39150442"
21,82593,82764,172,"ACTGGTTTTTGATGTGTGGATTCATCTCACAGATTTAAACCTTTCTTTTGATTCAACAGTTTGGAGACACTGTTTTTACAGAATCTACAAAAAGACATTTTGGAGCCCCTTTAGGCCTATGGGCCAAAACCGAATATCCCCAGAAAAAAACTAGCAGGAAACTATCTGTGAA","-",NA,"CP068268_39050443_39150442.fa_CP068268_39050443_39150442","CP068268_39050443_39150442"
22,82765,82943,179,"CCGTGGAAATTCTTTGTGATGTGTGGATTCATCTCACAGACTTAAATCTTTCTTTTGATTCACCAGGTTTAAAAGACTCTTTTTCAAGTGTCTGTGAAGGGGCATTTCTGAGCCTGTTGAGTCCTATGGGGCAAAACTGAATATATTCAGTTAAAAATTAGAAAGAAGCTATCTGTGAA","-",NA,"CP068268_39050443_39150442.fa_CP068268_39050443_39150442","CP068268_39050443_39150442"
23,82944,83112,169,"ACTGCACTCTAATGTGTGGATTCATCTCACACAGTTAAACCATTCTTTTGATTGAGCAGGTTTGAAACCCTCTTTTTGAAGAATCTGCAAATGGACATTTGAGAGTCTCTTGAGGCCAATGGAAATAAACTGGATATCCCCAGATAAAAACTAGAAAGGAGCTGTCTGT","-",NA,"CP068268_39050443_39150442.fa_CP068268_39050443_39150442","CP068268_39050443_39150442"
24,83113,83282,170,"ACATCTTTGTGATTTGTGGAGTCATCACACAGAGATAAACCTTTCTTTTGCTACTACAGTTTGGAAACACTTTCTGGAGAACCTGCGAAAGGACATTTGGGAGCCCACAGGGGCCTATGGGGATAAATCAAATATCTCTAGAGAAAAACTAGAAAGAAGCTATATGTGAA","-",NA,"CP068268_39050443_39150442.fa_CP068268_39050443_39150442","CP068268_39050443_39150442"
25,83283,83455,173,"AATTACTCCGTGAGATGTGGATTCATCTCACTGAGACAAACCTTTCTTTTGATGCAGGAAGTTGAAAACACTCTTTTTGCAGAATCTGTGAAGGGACATTTGGGAGCCCATTGATGTGTACAGGGAAAAATGAATTATCTGCAGATAAAAACAAGAAAGAATCTCTGTGTGAA","-",NA,"CP068268_39050443_39150442.fa_CP068268_39050443_39150442","CP068268_39050443_39150442"
26,83456,83628,173,"AAACTGCTTTTTGAGGTGGGGATTCATTTCACAGAGGTAAATCTTTCATTTGACTCAACAGGTTGGAAACACTCTTTTTAGAGAATCTGCAAAGGGACATTCGGGAGCTCATTGAGGCCAGTAGCAAAAAACACAATATCCTCAGATCAAAACTAGAAAGAAGCTATCTGTAA","-",NA,"CP068268_39050443_39150442.fa_CP068268_39050443_39150442","CP068268_39050443_39150442"
27,83629,83799,171,"ACTGCTTTGTCATGTGTGGATTCATGCCATGGAGTTAAACCTTTCGTTTGACTCACCAGGTTGGAAACACTCTCTGTAGAGAATCTGCAAAGGGACACTGGGGAGCTCATTGAGGCCAGTGGAAAAAAACAGAATATCCCCAGATAAAAAAATAGAAAGAAGCTATTGGAA","-",NA,"CP068268_39050443_39150442.fa_CP068268_39050443_39150442","CP068268_39050443_39150442"
28,83800,83975,176,"ACTGCTTTATGTTGCTTGGACTCATCACACAGAGTTAAAACTTTCTTTTGATCCAGCAGGTAGGAAACACTCTTGTAGAATCACTGAAAGGACAGTTTGGAAGCCATTGAAACCTAACAACAACAACAACAAAACCAATATCCCCAGAACAAAACTAGAAAGATGCTATCTGTGAA","-",NA,"CP068268_39050443_39150442.fa_CP068268_39050443_39150442","CP068268_39050443_39150442"
29,83976,84148,173,"AACTGCTTTGTGATATTTGGATTGAACTCACAGAGTTAAAACTTTCTTTTCATACAGAAAGTTGGAAACACTCCTTTTGTGGGAACTGCAAAAAGATATTTGGGAGCCCATTAAGGCCTATAAGTAAAAACAGGTAATCATCAGACAAGCACTATAAAGAAGATAACTCTGAA","-",NA,"CP068268_39050443_39150442.fa_CP068268_39050443_39150442","CP068268_39050443_39150442"
30,84149,84319,171,"ACTGCTTTGTTACACGTGGATGCATCTCACAAATTTCAACATTTCTTTTGATTCTGCAGGTTGGAAATACTCTTTTTTCTAGAACCTCTGAAAAGACATTTGGGAGCCCATTGAGGTCTGTGGGGATAAAGTGAATATCCCCATATAAAAGGTGAAAGAAGCTGTCTGTAA","-",NA,"CP068268_39050443_39150442.fa_CP068268_39050443_39150442","CP068268_39050443_39150442"
31,84320,84490,171,"ACTGGTTTGTGATGTGTGGATTCATCTCACAGATTTACACCTTTCTTTTGATCCAGCAGGTTGGAAACACTTTTTTTGTAGGATCTGTGAATGTACATTTTGGAGCCCATTGATGCCTAGCAGAAAAACTGAATATCCCCAGATAAAAAGTAGAATGAAGTTATCTGTTAA","-",NA,"CP068268_39050443_39150442.fa_CP068268_39050443_39150442","CP068268_39050443_39150442"
32,84491,84659,169,"ACTGTTTTGCAATGTGAGGATTCATCTCACAGAGTTAAACTTTTATTTTTGATTCAGCAGGTTCAAATCACTCTCTTTGTATAATCTGTGAAGGGATAATTGGAAGTCCATTGAAGCCTATAAGGAAAAATTGAATATCCCCAGATGAAAACTGAAATAAGTTTGTGAA","-",NA,"CP068268_39050443_39150442.fa_CP068268_39050443_39150442","CP068268_39050443_39150442"
33,84660,84830,171,"ACTGCTTTATGATAGCTGGATTCATCTTACAGAGTTAATCATTTTAATTAATTCAGCAGGTTGGAAAAACTCTTTTTGGAGAATCTATGAAGTGACGTCTTGGAGCCCATTGAGGCCTAGGAAGAAAATTGAATATCCCTAGATAAAAACTAGAAAGAAGGTATCTGTGAA","-",NA,"CP068268_39050443_39150442.fa_CP068268_39050443_39150442","CP068268_39050443_39150442"
34,84831,85001,171,"AATGTTTTTTGATGTGTGGATTCATCTCAAAGTGTTAAACCTTTGTTTTGATGCAGCAGATTGAAAACACTGTTTTTGTAGAATCTGTGAAGGGACATTTGAGATCCCATTTGGGCCACTGGGAAAAAACAAATATCCCCAGGTAAATACTAGAAAAAAGCTACCTGTGAA","-",NA,"CP068268_39050443_39150442.fa_CP068268_39050443_39150442","CP068268_39050443_39150442"
35,85002,85150,149,"ACCGCTTTGTATGTGTGGATTTATCTCACAGAGTTAAAGCTTCTTTTAATTAGCAGGGTGGAAACACTCTTTCTAGACAATCAGCAAAAGGACGTTTTGTAGACAATTGAGCCCTAAGGGGAAAAACCTAGAAAGATGCTATTGGTGAA","-",NA,"CP068268_39050443_39150442.fa_CP068268_39050443_39150442","CP068268_39050443_39150442"
36,85151,85321,171,"ACTGCTTTGTGATGTGTAAATTCAATCACAGAATTAAAATTTTCTTTCAATTCAGCAGGTTCAAAACACTCTTTTTCTAGAACCTGTGAAGGGACATTTGGGAGCCCATTGAGGCCTATGGAGAAAAATTGAATATCCCCAAGTAAAAACTAGAAAGATGCGTTTTGTGAA","-",NA,"CP068268_39050443_39150442.fa_CP068268_39050443_39150442","CP068268_39050443_39150442"
1,86238,86409,172,"ACTGCTTTTTGATTTCTAGATTCATCTCACAGAGTTAAACCTTTCTATTGATCCAGCTGGTTGGAAACACTCTTTTTCTAGAATCTGTGAAGGGACTTGTGGGAGCTTATTGAGGCCTATGAAGAAAAACAGAATATTCCCAGATAAAAACTAGAAATAAGCAATCTGTGAA","+",NA,"CP068268_39050443_39150442.fa_CP068268_39050443_39150442","CP068268_39050443_39150442"
2,86410,86580,171,"ACTGCTTTGTTATGCGTGGATTCATCTCACAGAGTTAAAACTTCGTTTTGATTCAGCAGTTTGAAAACAATATTTTTAAAGAATCTGAGAAGGGACATTGGAGAACCCATTGAAACCTTTGGGGAAAAACTTAGTATCCCAGATAAAAACCGGAATAAAGTTATCTGTGAA","+",NA,"CP068268_39050443_39150442.fa_CP068268_39050443_39150442","CP068268_39050443_39150442"
3,86581,86752,172,"AGTGCGTTGTCACTTGTGAACTTATCTGACAGAGTTAAACCTTTCTTTTGATTCAGCATTTTGTAAACACTATTTTTAGGGAATCTGCATAGAGACATTTTGGAGCCAATGGAAGCCTATGGGGAAAAAAGGAATATCCCAAGATAAAAACTAGAAAGTAGGTATCCATCAA","+",NA,"CP068268_39050443_39150442.fa_CP068268_39050443_39150442","CP068268_39050443_39150442"
4,86753,86922,170,"ACTGCTTGGTGATTTGTGGATTTATCTCACATAGTTCAAACATTCTTTAGGTTGAGCAGGTTGGAAAAACTTTTTTTAGAATATGGAAAATAATATTTTGAAGGCATTTGAGGCCTAGAGGGTAAAACTGAATATCCCCAGATAAAAACTAGAAAGAAGTTATCTGATAA","+",NA,"CP068268_39050443_39150442.fa_CP068268_39050443_39150442","CP068268_39050443_39150442"
5,86923,87094,172,"ACTGATTTACGATGTGTGGATTCATCTCACAGAGTTAAAACTTTCTTTTGATTCAGCATGTTGGAAAGTACCTTTTTAGAGAATCTGTGTAGGAACATTTGGAAACCCAGTGATGCCTACTGGGAAAAACCAAATATTGCCAGATAAAACATAGGAAGAAGCTATCTGTGAA","+",NA,"CP068268_39050443_39150442.fa_CP068268_39050443_39150442","CP068268_39050443_39150442"
6,87095,87266,172,"ACAGCTTTGTGATGTGTGGATGCATCTTACAGAATTAAACCTTTCTTTTGATTCAGGAGGTTGGAAACACTGTTTTGGAGAATCTGTGAGGGGACATTTTTGAGCCCATCGAGGCCTATGGGGAAAAACTGAATATCCTGAGGGAAAAAACTAGAAAGAAGCTATCTGTGAA","+",NA,"CP068268_39050443_39150442.fa_CP068268_39050443_39150442","CP068268_39050443_39150442"
7,87304,87471,168,"ATCTGTGATGTGTGGATTCATTTAAGAGAGTTAAACCATTGTTTTGTTTCAGCACGTGGTAAACCCTCTTTTTGGAGAATATAAGAAAGGGTATTTAAGAGCCCACTGAGTCCTATAGGGAAAAACAAAATATCCCCAGATAAAAACTATAAAAAAGCCATAAGTAAA","+",NA,"CP068268_39050443_39150442.fa_CP068268_39050443_39150442","CP068268_39050443_39150442"
8,87472,87642,171,"ACTGCTTTGTGACGTGTGCATTTATCTAACAGTGTTAAGCCTTTTTTTTATTCAGCAGGTTGGAAACAGTCTTTCTGGAGAATCTGTGAATAAACATTTGGAGTACATCAAGGCCTATGAGGAAAAGTGGAATATCCCCAAATAAAAACTAGAAAGAAGCTATCTCTGAAA","+",NA,"CP068268_39050443_39150442.fa_CP068268_39050443_39150442","CP068268_39050443_39150442"
9,87643,87814,172,"ACTGATTTGTGATGTGTGTATTCATCACACAGAGTTACACCTTTCTTTTGATTTGGCATGTAGGAAACACTCTATTTGGATAATCTGTGAAGGGACATTTGGGAGCACGTTGAGGTTTATAGGTAAAAACACTATATCCCAAGATAGAAAGTAGAAAGAAGCTATCTGTGAA","+",NA,"CP068268_39050443_39150442.fa_CP068268_39050443_39150442","CP068268_39050443_39150442"
10,87815,87984,170,"ACTGCCTCATGATGTGTGGATTCCTCTCAGAGAGTTAAACCTTTGTTTTGATTCAGCAGGTTGGAATCACTCTTTCTGCAGAATCTGTGGGGGGACATTTGGGAGCATTGAGGCCTACAGGAAAAAGCTGAATATCCCCAGATAAAAACTAGAAAGAATCTATCTGTTAA","+",NA,"CP068268_39050443_39150442.fa_CP068268_39050443_39150442","CP068268_39050443_39150442"
11,87985,88155,171,"AGTGCTTTGTTATGTGTGGATTTATCTCACAGAGCTAATACTTTCTTTTCATTCATCAGGTTGGAAACACTCTTTTTGTTGAACCTGTGAAGTGATATTTGGGAGCCCATTGTGGATTATAGGGAAAAACAAAATATACCCAGATAAAAATTAGAAAGAAGCGATCTTGAA","+",NA,"CP068268_39050443_39150442.fa_CP068268_39050443_39150442","CP068268_39050443_39150442"
12,88156,88327,172,"ACTTCTTTGTGATGTGTGCATTCATCTCATAGTGTTAAAGCATTCTTTTGCTTCAGCAATTTGGAACACTTTTTTTTTGAGAATCTCTGATGGGACATTTAGGAGCCCACTGACGCCTAGGTTAAAAGCCTAACATACTTAAATAAAAACTAGAAAAAAAGCTATCTGTGAA","+",NA,"CP068268_39050443_39150442.fa_CP068268_39050443_39150442","CP068268_39050443_39150442"
13,88328,88498,171,"ACTGCTTTGTGATGTGTGGATTATTCTCACAGAGTTATAACTTCCTTTGATTCAACAGGGTGGAAACACACCTTTCAGAGAATCTGCTAAGTGACATTTGGAAGCCCATCGAACCCTATAGGGAAATATCAAATATCCCTAGATAAAAACTAGAAAGAAGCTATCTGTGAA","+",NA,"CP068268_39050443_39150442.fa_CP068268_39050443_39150442","CP068268_39050443_39150442"
14,88499,88667,169,"AGTCCTTCATGATGTGTGGGTTCATCTCAAAGAATTAAAGCTTTTTTTAAATTTAGTAGCTTGGAAACACTCTTGGAGAATCTGCTAAGGGACATTTTGGAGCCCATTGAGGCCTATGGAGAAAAGCTGAATATCCCCAGATCAACACTAGAAAGTAGCTATCCATGAA","+",NA,"CP068268_39050443_39150442.fa_CP068268_39050443_39150442","CP068268_39050443_39150442"
15,88668,88839,172,"ACTGCATAGTGATTTGTGGATTCATCTCATAGAGTTAAAACTTTCTTTTGATTTAGCAGGTTGGAAACACTCTTTTTGGAGAATCTGTGAAGAGATATTTGGGATCCCGTTGAAACCTAAAGGGAGAAAAGGAGTATACCCAGATAAAAACTAGATATAAGCTATCTGTGAA","+",NA,"CP068268_39050443_39150442.fa_CP068268_39050443_39150442","CP068268_39050443_39150442"
16,88840,89011,172,"ACTTCCTTGTGATGTGCGGATTCATCCCACAGAGATAGACCTTTCTATTGATTCAGTAGTTGGGAAACATTGTTTTTACAGATTCTACGGAGAGACATTTGGGAGCCCTTGGTGGCCTAAATGGAAAAACCAACAATCCCCAGATAAAAACTAGTAAGAAGCTATGTGTGTA","+",NA,"CP068268_39050443_39150442.fa_CP068268_39050443_39150442","CP068268_39050443_39150442"
17,89012,89182,171,"ACTATTTTGTGAAGTGGGGATTCATCTCAAACAGTTAAACCTTTGTTTTTATTCAGTACTTTGGAAACATTCTTTTTGGAGAATCAGTGAAGGGACATTTTGGAGCCCATTGAGTCCTTTGGGGTAAAACTGAATATCCTCAGAAAAAAATAGTAAGAAGCTCTCTCTGAA","+",NA,"CP068268_39050443_39150442.fa_CP068268_39050443_39150442","CP068268_39050443_39150442"
18,89183,89355,173,"ACTGCTTTGTAATGTGCAGATTCATCTCACAGAGATAAAACTCTTTTTTTGTTTCAGCAGGTTGGAAACCCTCTTTTTGGAGAATATTTAAACGCACATTTGAGAGTCCATTTATGTGTTTAAGAAAAAACTGTATATCCCCAGAAAAAAAGCTAGAAAGAAGATATATATGA","+",NA,"CP068268_39050443_39150442.fa_CP068268_39050443_39150442","CP068268_39050443_39150442"
19,89356,89523,168,"ACTTTCCTTGTATTGACTCATTTCAAAGAGTTACTCTTTTTCTTTGATTCAGCACGTTGGAAACACTCCTTTTGGAGAATCTGTGAAGAGACATTTGGGAACCCATTGAGACGTATGGTGAAAGAGAAAATTTCTCGAGATGAAAAGTAGAAATAAGCAATCTGTGAA","+",NA,"CP068268_39050443_39150442.fa_CP068268_39050443_39150442","CP068268_39050443_39150442"
20,89524,89694,171,"ACTGCTTTGTGATGTGTATGTTCATCTCACAGAAATAAAACTTTCTTTTGATTTAGCATTTTGGAAACACTTTTTTGGAGAATCTGTGAAGGTACATTTTGGAGCCCATGGAGTCCTGTGGGGAAAAACCAAATATCCACAGATAAAAGCTAGAAAGAAGCTATGTGTGAA","+",NA,"CP068268_39050443_39150442.fa_CP068268_39050443_39150442","CP068268_39050443_39150442"
21,89695,89864,170,"ACAACTTTGTGATGTGTGGATTTATCTCACAGAATTCAACCTTTCTTTTGATTCAGCAGTTGGAAACACTGTTTTTGGAGATTATGTGAATGGACATTTTGTAGCTGACTGAAGTATATGCGTAAAAATTGGATAACCCCAGATAAAAACTAGAAAGACATATATGTAAT","+",NA,"CP068268_39050443_39150442.fa_CP068268_39050443_39150442","CP068268_39050443_39150442"
22,89865,90033,169,"ATTGCTTTGTGATGTGTATATTCATCTCACAGAGTTAATATTTTTTTACTCAGCTGGTTGAAAACAATCTTTTTGGAGAATCTGTGAAGGAACATTTGGGAGCCTATTAAAGACTATGGATGATAACCAAATATTCCCAGATAGAAAATAAAAAGAAGCTATCTTTGAA","+",NA,"CP068268_39050443_39150442.fa_CP068268_39050443_39150442","CP068268_39050443_39150442"
23,90034,90193,160,"ATTGATGTGATATGTGGATTCATCTCAAAGAGTCAAACTTTTCTTTTGATTCAGCAGGCTGAAAACCCTCTTTTTGTAGAACTATGAAGGGACATTTGTGAAGCCTCTGGAGAAAAACTGAATATCCCCAGATAAAAACCAGAAAGAAGTCATTCGTGAA","+",NA,"CP068268_39050443_39150442.fa_CP068268_39050443_39150442","CP068268_39050443_39150442"
24,90194,90365,172,"ATTGCTTTGTGATGTGTGCATTCCTCTTACACAGTTAAACCTTTGTTTTGATTCAGGAGATTTGAAACATTCTTTTTGGAGAAACTGCGAAGGGACATATGGGAGCCCATTGAGGACTCTGCAGAAAAACCAAGTGACCCCAGAGATAACCTAGAAAGTAGCTATCTGTGAA","+",NA,"CP068268_39050443_39150442.fa_CP068268_39050443_39150442","CP068268_39050443_39150442"
25,90366,90536,171,"ACTGCTTTGAGATGTGTGGATTCATCTCACAGAGTTTAACTTTTCTTTTGATTCAGCAGTTTGGAAACATATTTTTGGAGAATTTGCAAACGGACCTTTGAAAGCCCATTGATGCCTATGGGGAAAAACTGAATATTCCCAGATAAAAACTAAAAAGAAGTTATCTGTGAA","+",NA,"CP068268_39050443_39150442.fa_CP068268_39050443_39150442","CP068268_39050443_39150442"
26,90537,90703,167,"ACTTCTTTGTGATGTGTGGATTCATCTCACAGAGCTAAACATTTTTTTTGATTCACCACATTGGAAATGCTTTTTCTGAAGAATCTGCAAAGGGACATTTGGGAGCCAATTTAGGCCAATGGGGAAAAAAATCCGCAGATAAAAACTAGAAAGAAGCTATCTGTGAA","+",NA,"CP068268_39050443_39150442.fa_CP068268_39050443_39150442","CP068268_39050443_39150442"
27,90704,90872,169,"ACGATTTGTGATGTGTGGATTTCTCTCATACAAGTAAAACTGCCTTTTAATACATCAGGTTGGAAACACTGTTTTTGGATATTCTGTGAAGAGACATGTAAGAGCCCATTGAGGCCTATGGGGAAAAACCGATTATCCAGATAAAAACTGGAATGAAGCTATCTGTGAA","+",NA,"CP068268_39050443_39150442.fa_CP068268_39050443_39150442","CP068268_39050443_39150442"
28,90873,91055,183,"ACTGCTCTCTGAGGTGTAAATTCATCTCACATTGTTGAAACATTTTTTTAATTTCATAGGTAGGAAATTAAATTTCCATATCCATTTTGGAAAATCTGTGACAGGACATTTGGGAACCCATTTGGGCCTCTGGGTAGAAACCAAATATCTGCAGACAAAAAATAGAAGGAAGCTATCTGTAAA","+",NA,"CP068268_39050443_39150442.fa_CP068268_39050443_39150442","CP068268_39050443_39150442"
29,91056,91227,172,"ACTGCCTTGTGATGTGTACATTCAACTCCCAGAGTTAAAACTTTCTTTTTATTCAGCAGGTAAGAAACACTATTTTTGGAGAATCTACAAAGGACATTTTGGAGCCCATTGAGGCAAATGGTGAAAAACTGAGAATCCTAAGATAAAAATTTAAAGAAGCTATCTATGAAAG","+",NA,"CP068268_39050443_39150442.fa_CP068268_39050443_39150442","CP068268_39050443_39150442"
30,91228,91398,171,"CTCTTTGTGATGTGTGAATTCATCATACAGAATACAACATTTCTTTTGATTCAGCACGTTGGAAGCACATCATTTTGGAGAATCTGTGAATGGACTTTTAAGAGCCCATTGAGGCCTATGGGGAAAAGCGAAATATCCCCAGATAAAAACTAGAAAGAAGCTATCTGTGAA","+",NA,"CP068268_39050443_39150442.fa_CP068268_39050443_39150442","CP068268_39050443_39150442"
31,91399,91571,173,"ACTACTTTCTGATGTGTCAATTCATCTCACAGATTTAACCCTTTCTTTTGACTCAGGAGGTTGGAAACACATCTATTTGGAGAATCTGTAAAGGGACACTTGAAAGCCCATTGAGGCCTTTGGGGAAAAAGTGAAAATCCCCAGATAAATACTAGAAAGAAGCTATCTGTGAA","+",NA,"CP068268_39050443_39150442.fa_CP068268_39050443_39150442","CP068268_39050443_39150442"
32,91572,91746,175,"ACTTCTTTGTGAAGTGTGGATTCATCTCACAGTTTCAAAAATTCCTTTTGGTTCAGCAGGTTGGAAACACTCTTTTTGAAGTATGTGCGAAGGGTCATTTGAAAGCCCATTGAGGGCTATGGGGAACAATGAATATTACCAGATGGAAATTAGAAAGAACCTATGTGTGAAACTT","+",NA,"CP068268_39050443_39150442.fa_CP068268_39050443_39150442","CP068268_39050443_39150442"
33,91747,91922,176,"ATGTGATGTGATGTGTGGATTCACATCATAGAGTTAAAACTTTCTTATGATTCACCTGGTTGGAAACACTCATTTTGGCGAATCTGTGAAGGGACATTTAAAAGCCCATTGAGGCCTATGGGGAAAAACAGAATGTCTCCAGATAAAAAAAATAGAAAGAAGATATCTGTGAAAAT","+",NA,"CP068268_39050443_39150442.fa_CP068268_39050443_39150442","CP068268_39050443_39150442"
34,91923,92091,169,"ATTTTGTGATGTGTGGATTCATCTTACAGAGATAAACCAATTCCTTTGATTCAGCAGGTTAAAGACACTCTTTTTAGTGAATCTGTGATGGAATATTTGGGAGCCCATTGAGGCTTACAGGGAAAAATCTAATATCCCAAGATAGAAACTCAAAGAAGCTACGTGAGAA","+",NA,"CP068268_39050443_39150442.fa_CP068268_39050443_39150442","CP068268_39050443_39150442"
35,92092,92259,168,"ACTGATATGGTGTGTGGATTCATCTCACAGAGTTAAAACATTCTTTTGATTCAGCAAATTGGAAGCACTCTTTTTGGAGAATCTGCAATAGGAAACTTTGGAGCCCATTGAGGGCTATGGGGAACAGCCGAATATCCACAGATAAAAACTAGAAAGAATCTATCTGAA","+",NA,"CP068268_39050443_39150442.fa_CP068268_39050443_39150442","CP068268_39050443_39150442"
36,92260,92432,173,"ACTGCTTTGCGATTTGTGGAAACATCTTTCAGATTTAAAATTTTCTTTTGATTCAACAGGATGGAAACATTTCTTTTTGGAGGATCTGAGAAGGGACATTTGGGAGCCCATTGAGGCCTATGGGAAAAAATTGAATATCCCCAGCTAAAAACTAGAAAGAAGCTACCTCTGAA","+",NA,"CP068268_39050443_39150442.fa_CP068268_39050443_39150442","CP068268_39050443_39150442"
37,92433,92598,166,"ACAACTTTGTGATGTGTGGACTCTTATCACAGAGTTAAAACAGTCTTGTGACTCAGCAGTTGGAAATATTCTTTTTGGAGAATCTGTGAAGGGATATTTAGGAGCTCATGGAGGACTATGGGAAAAAAAATCCCCAGGTAAAAATTAGAAAGAAGCTATCTGTGAA","+",NA,"CP068268_39050443_39150442.fa_CP068268_39050443_39150442","CP068268_39050443_39150442"
38,92599,92772,174,"ACTGCTTTTCAGTGATTTGTGGATACATCTCATAGAGTTAAAACTTTCTTTTGATTCAGCAGGATGTAAACACTCTTCAGAAAATCTGCAAAGGAATATTTTGCAGCCCATTGAGGCCTAGGGCAAAAAAAACGAATATATCCTGATAAACACTCCAAAGAAGCTAGCTGTGAA","+",NA,"CP068268_39050443_39150442.fa_CP068268_39050443_39150442","CP068268_39050443_39150442"
39,92773,92943,171,"ACTATTTTGTGATGTGTGGATTTAGCTCAGATAGCTAAACCATGCTTTTGAATCAGCAGGTTGGAAACACTTTTTGGAGTATCTACGAAGGGACATTTGGGAGCCCATTTTGGCCTATGGAAAAAAACCCGAATATCCCCAGATAAAATCTACAAAGAAACTATCTGTGAA","+",NA,"CP068268_39050443_39150442.fa_CP068268_39050443_39150442","CP068268_39050443_39150442"
40,92944,93115,172,"ACTGTTTTGTGTTGCATGCATTCATCTCACAGAGTTAAACGTTACTTTTGACTCAGCTAGTTGAAAACACTCCTTTTAGAGAATCTGTGAAAAAATATTTGGGAGCCCATTGAGGCCTATGTGGAAAAATAGAATATCCTAAGGTAGAAAATTGAAAGAAGCTATGTGTGAA","+",NA,"CP068268_39050443_39150442.fa_CP068268_39050443_39150442","CP068268_39050443_39150442"
41,93116,93283,168,"ACTGATGCGACGTGTGGATTCATTTCACAGAGTTAAGCCTTTCTTTTGGTTCAGCAGGTTGGAAACACTTTTTGGAAAATTTGTGAATGGACAATTGGCAACCCATTGAGGTCTATGGGACAAAACAAAGTATACCCAGATAAAAACTAGAAAGAAATTATCTGTGAA","+",NA,"CP068268_39050443_39150442.fa_CP068268_39050443_39150442","CP068268_39050443_39150442"
42,93284,93456,173,"ATTTCTTTGTGATGGGTGGATGCATCTTACAGTGTTAATCCCTTCTTTTCATTCAGCAGGTTTGAAACACATCTTTTTGGAGAACATGCAAAGAAATATTTGGGAGCCCAATTAGGTCTATGGGACAAAACTGAATACTCCCAGAGAAAAACTAGAAAGAAGCTATCTGTGAA","+",NA,"CP068268_39050443_39150442.fa_CP068268_39050443_39150442","CP068268_39050443_39150442"
43,93457,93602,146,"ACTGCTTTTTGATGTGTGGATTCATCTCAGAGAGTTAAGACTTTTTTTTGATTCAGGAAGTTGAAAACACTGTTTTTGGAGAATCTGTGAATGGACATTTTGGACCCCTTTGTTGCCTATGTGGAAAAATACAATATGTGATGTTT","+",NA,"CP068268_39050443_39150442.fa_CP068268_39050443_39150442","CP068268_39050443_39150442"
44,93603,93756,154,"GGATTCATGTCAGAGAATTAAATCTTCCTTTAGACTCAGTTGGTTGGGAACATTGTCTTTGCAAAATGTGTGAAGGAAAATTTTGGATCCCATTGAGGCCTATGGGGAAAAATGGAATATCCACAGATAAAAACTAGAAAGAACTATTTGTGAA","+",NA,"CP068268_39050443_39150442.fa_CP068268_39050443_39150442","CP068268_39050443_39150442"
45,93757,93926,170,"ACTGCTTTGTGAAGTTTGGGTTGATCTCTTTGAGATAAACATTTCTTTTGATTCAGCAGGTTGAAAACTCTTTTTGGAGAATCTGCAAATAGACATTTTGGAACACCTTGTAGCCTATGGGGAAAAACCAAATATCCTCATAAAAAAACTAGAAAGACGCTAACTGTGAA","+",NA,"CP068268_39050443_39150442.fa_CP068268_39050443_39150442","CP068268_39050443_39150442"
46,93927,94088,162,"ACTACTTTATAATGTGTACATTCATCTCACAGAGTTAAAGCTTTTATTGATTCAGAAGGTTAGAAACATTCTTTTTGGAGAATCTGTTAAGGGACATTTAGGAGCCAATATAACCTACAGTGAAAAGCTGAATATTCCCAGATCACCATAGCTATCCGTGAA","+",NA,"CP068268_39050443_39150442.fa_CP068268_39050443_39150442","CP068268_39050443_39150442"
47,94089,94259,171,"AGTGCTTTATGAGGTGTGGACTCATCTCTCAGAATTAAAACTTTCTTTTGATTCAGCAGGTTGGAAACACTGTTTTAGGAGAAACTGTGAAGGGACATTTGGGAGTTCATTTAGGCCCATGGGAAAAACTGAGTATCCCCAGATAAAAAGTAGAAAGAAACAATCTGTGGA","+",NA,"CP068268_39050443_39150442.fa_CP068268_39050443_39150442","CP068268_39050443_39150442"
48,94260,94431,172,"ACTCTTTTGTGATGTGTGGATTCATCTCACCAAGTTAAAATTTCCCTTTGATTCAACAGGTTGGAAACATATTTTTTTGAAGAATCTGAGAATAGATATTTGGGAGTTTATTTAGGCTTATGTGAAAAACCCAATATCACCAGGTACAAACAAGAAAGATGCCATCGGTGAA","+",NA,"CP068268_39050443_39150442.fa_CP068268_39050443_39150442","CP068268_39050443_39150442"
49,94432,94603,172,"ACTGCTTTGTGATGTGTGGATTCATCTCGCAGAGTTAAACATTTCTTTTGATACTGCAGGTTGGAAACAGTCTTTGTGGAAAATCTGTGATGGGACATTTAAGAGCCCTTTTAGGTCTATGGGGCAAAACGGAATATCCCCAGATAAAAACTAGGAAGAAGCTATTTGTGAA","+",NA,"CP068268_39050443_39150442.fa_CP068268_39050443_39150442","CP068268_39050443_39150442"
50,94604,94753,150,"ACTGCTTAGAGATATGTGGATTCATCTCACAGAATTTACCCTTTCTTTTGACTCAGGAGGTTAGAAACACTTCTATTTGGAGAATCTGCAAAGGGACATTTGAAAAGCCATTGAGGCCTATGGGGAAATACTGAAAATGTTTTGTGATAT","+",NA,"CP068268_39050443_39150442.fa_CP068268_39050443_39150442","CP068268_39050443_39150442"
51,94754,94909,156,"GTGGATTCATCTCACAGAGTTAAACCTTTCCTTTGATTCAGCAGGTTGGAGACACTTTTTTGAGAATATATGAAGGGATATTTGGGAGCCCATTTTAGCCTATGGAAGGAAAACGAATATGCCCAGAAAAAAAACTACAAAGAAGCTATCTGTGTA","+",NA,"CP068268_39050443_39150442.fa_CP068268_39050443_39150442","CP068268_39050443_39150442"
52,94910,95081,172,"ACTGCTTGGTGATCTGTGAATTTATCTCTCAGAGTTAAACCTTTCTTTTGATTCAACAGATTGGAAACATTCTTTTGGTAATATTTGTGAAGGAACATTTGGGAGCCCATTGAGGCCTATAAGGAGAAGCCGAATATTTTCAGATAAAAACTGGAAAGAAACCACCTTTAAA","+",NA,"CP068268_39050443_39150442.fa_CP068268_39050443_39150442","CP068268_39050443_39150442"
53,95082,95255,174,"ACTGCTTTGTGATGTGCGGATTCAGCTCACAGAATTAAAACTTTCTATTGATTCAGCAGGTTGGAAACACTTTATTCATAGAATCTGTGAAATGATATTTTTGAGTCTAATGAAGCCTAATGGAAAAAAAACTGAATTTTCTCAGATAAAAACTTGAAAGAAGCTATCTGTGAA","+",NA,"CP068268_39050443_39150442.fa_CP068268_39050443_39150442","CP068268_39050443_39150442"
54,95256,95428,173,"ACTACTTTGTGATGTGTGGATTCATCTCAGAGAGTTAAACCATTCTTTTGACTTAGCAGGTTGGAAACCCTTTTTGGAGAATATACGAAGGGATATTTTTGAACCCATTGTAACCTATGGAAAAAAAAAACAATTATCCCCAGATAAAAACTAGAAAGAATCTATCTGTGAAG","+",NA,"CP068268_39050443_39150442.fa_CP068268_39050443_39150442","CP068268_39050443_39150442"
55,95429,95600,172,"CTGATTTATGATGTGTGGATTCATCTCACAGAGTTAAACCATTCTTTTGATTCAGCAGTTTGGAAATACTCTTTTTTGGAGAATCTGTGAGTGGACATTTGGAAGCCCACTGAGGCCTACTTGGAAAAACTGAATATCTCCAGATGAAAACTAGAAAGAAGCCATCTGCAAA","+",NA,"CP068268_39050443_39150442.fa_CP068268_39050443_39150442","CP068268_39050443_39150442"
56,95601,95770,170,"ACTTGTTTGTGATGTGTGGATTCGTCTCACAGAGCTAAACCTTGCTTTTGATTCAGCATGTTGGAAACACTCTTTGTGGAGAATCTACAAAGGGACATATGGGAGGACTTTGAGGACTATGGGGAAAATCAATATCCCCAGAAAAAAACTGAAAAGAAGCCATCTGTTAA","+",NA,"CP068268_39050443_39150442.fa_CP068268_39050443_39150442","CP068268_39050443_39150442"
57,95771,95941,171,"ACTGCTTTGTGATGTGTGGATTAACCTCACGGTATTAAATGTGTCTTTTTATTCTGCAGGTTTGAAACATGCTTCTTCTAGAATCTACAAAGTGACATATGGGAACTCATAGGGCCTATATCGAAAAAATGAATATCCTCAGATAAAAACAAGAAAGAAGGTCTCTGTGAA","+",NA,"CP068268_39050443_39150442.fa_CP068268_39050443_39150442","CP068268_39050443_39150442"
58,95942,96076,135,"ACTGCTTTATGATGTGTGGATTCTTTTCACAGACTTAAAATTTTCTTCTGTTCAGGAGGTTGTAGTAGCCCATTGAGGCCTATGTTGAAAAACAGAATATCCCCAGATAAAACTAGAAAGAAGACATCTGTGAAT","+",NA,"CP068268_39050443_39150442.fa_CP068268_39050443_39150442","CP068268_39050443_39150442"
59,96077,96247,171,"CTTCTTTGTGATGTGTGGATTCATCTTACAGAGTTAAACCTTTGTTTTGATTTAGCAGGTTGGAAACACTCTTTTTGGAGAATCTGAAAAGGTACAGTTGGGAACTCATAGTTGACTACAAGGATAGATCAAATATCCTCAGATAAAAATTAGAAAGAAGCTATCTGTGAA","+",NA,"CP068268_39050443_39150442.fa_CP068268_39050443_39150442","CP068268_39050443_39150442"
60,96248,96417,170,"ATTGCTTGGTAATGTGTGGATTCATCTTGCAAAGTTAAATATTATTTTTAACTCAGCAGGTTGGAAAGACTCTTTTTGTAGAACATGCAAAGGAACATGAGGGAGCCCACTGAGGCTTAGAGGAAAAATAGAATACCCCCAGAGAAAACTAGAAGGAAGCTATCTGTGAA","+",NA,"CP068268_39050443_39150442.fa_CP068268_39050443_39150442","CP068268_39050443_39150442"
61,96418,96588,171,"ATTGGTTTGTGATGTCTGGATTCATCTCACAGAGTTAAAACTTTCTTTTGAATCAGCAGGTTGGAGACACTATTTTACTAGAATCTCAAAGGTACACTTGGAATCTCATTGAGGCCTATGGGGAAAAACAGAATATCCCCAGAGAAAAAGTAGAAAGAGATTATCTGAGAA","+",NA,"CP068268_39050443_39150442.fa_CP068268_39050443_39150442","CP068268_39050443_39150442"
62,96589,96760,172,"ACTGCTTTGTGATGTGTAGATGTATCACACAGAATTAAATATTTCATTTCATTCAACAAGTTGGAAAGGCTCTTTCTGGAGAATCTGAGAAGGGACATTTTGGAGCCCTTTGAGATCTATGGGGAAAAACTGAATATCCCCAGATATAAACTAGAAACAAGCTGTCTGTGAA","+",NA,"CP068268_39050443_39150442.fa_CP068268_39050443_39150442","CP068268_39050443_39150442"
63,96761,96931,171,"ACTTTCTTGTGATGTGTGGATTCATCTTACAGAATTAAACCTTTCTATGATTTAGCAGGTTAGAAACATTCTTGTTGGAACATCAGCAAAAGGACAGTTTGTAGCCCATTGAGGCCTATGAGGAAAAACCAAATATCCCCAGATAAACACTAGAACGAAGCTATCTGTGAA","+",NA,"CP068268_39050443_39150442.fa_CP068268_39050443_39150442","CP068268_39050443_39150442"
64,96932,97100,169,"AGTGCTTTGTGATGTGTGGATTCATCTCACAGACTTAAGACTTTCTTTTGATTCAACAGTTTGGAAATACTCTTCGGAGAATATGCGAAGGGACAGTTAGGAGCCCATTGAGGTCTATGAGAAAAAAGCAAATATCCCTGGTAAAACCTATAAAGAAATTATCTGTGAA","+",NA,"CP068268_39050443_39150442.fa_CP068268_39050443_39150442","CP068268_39050443_39150442"
65,97101,97271,171,"ATGGCTTTGTGATGTGTGGATTCATCTAACAGAATTAAACTTTTCTTTTGATTCAGCAGGTTGGAAATACTGTTTTTGGAAAATCTGTGAAGGGACATTTGGGAGCCCATTGAGGCCTATGGGGAAAACTGAATATCTCCAGATAAAAACTAGAAAGAAGCTATCTTTGAA","+",NA,"CP068268_39050443_39150442.fa_CP068268_39050443_39150442","CP068268_39050443_39150442"
66,97272,97439,168,"ACTGGTTTGTCATGGGAAGATTCATCTCAGAGGGTTACCCTTTCTTTCGATTCAGCAGGTTGGATATGCTTTTTTAGAGAATCTGCAAAAGATGTTTTCAATCCCATTGAGGCCTGTTGGAAAAATCGAATACCCCTAGATGAAAACTAGAGAGTACCTATCTGTGCA","+",NA,"CP068268_39050443_39150442.fa_CP068268_39050443_39150442","CP068268_39050443_39150442"
67,97440,97610,171,"ACTCATTTGTGATGTGTGGATTCATCACACAGACGTAAAACTTTGTTTTGATTCAGGAGGTTGGAAACAGACATTTTGAAGAATCTGCAAGGAAACTTTTGGGAGTCATTGAGGCTTATGAGTAAAAAGTGAATATCCCTAGATAAAAAATAACAACAAGCTACCAGTGAA","+",NA,"CP068268_39050443_39150442.fa_CP068268_39050443_39150442","CP068268_39050443_39150442"
68,97611,97787,177,"ACTGGTTTGTGTTGTTTGGATTCATCTCATAGATTTAAATCTTTCTTGTGATTCAGCTAGTTGGAAACACTTTTTTTTTTTTTGGATAATTATTGAAGGGATATTTGGGAGCCCTTTGAGTCCCATGAGGTAAAACAGAATATCCCCAGGTAGAAACTAGAAAGCATCTATCTGGGA","+",NA,"CP068268_39050443_39150442.fa_CP068268_39050443_39150442","CP068268_39050443_39150442"
69,97788,97959,172,"ACTGCTCTGTGATGTGTGGATTTATCTCACAGAGTTCAAACTTTCTTTTCATCAAGCAGGTTGGAAACTCTTATTTTGCAGAATCTTCTAAGGGGTAATTTGGAGCCTGTCGTGGCCTATATGTAAAAACCGAATATTTCCAGATGAAAAATACAAAGGAACAATCTGAGAA","+",NA,"CP068268_39050443_39150442.fa_CP068268_39050443_39150442","CP068268_39050443_39150442"
70,97960,98130,171,"ACTGCTTTGTTATGTGTGGATTCATCTCACAGAGTTAAATCTTTCTTTTGATTCCTCAAGTTGAAAACTCTCTTTTGGAGAATTTGCAAAGGGACACATGTGATCTCATTAAGGCTGATGGGTAAAAACCAAATATCACCAGATTAATAAAAGAAAGAAGCTATCTGTGAA","+",NA,"CP068268_39050443_39150442.fa_CP068268_39050443_39150442","CP068268_39050443_39150442"
71,98131,98301,171,"ACTGCTTTGAGCTGTGTGGATTCATCTCTCATAATTAAACCTTTCTTTTGATTCAGCAGGTTGGAAACACTTTTTTGGAGAGTTTGCAAAAAGACATTTGGGAGATGATTAAATCCTATAAGTTAAAATCGAATACCCCCAGATGAAAACTAGAACAAAGGTATCTGTGAA","+",NA,"CP068268_39050443_39150442.fa_CP068268_39050443_39150442","CP068268_39050443_39150442"
72,98302,98472,171,"ACTTCTTTGAATGTGTGGATTCCTCTCAAAAGAGTTAAACCTTTGTTTTGATCCAGCAGATTGGAAACATAATTTTTGTAGAATCTGTGAAGGGACATTCGGGAGCCCATTGACATCTATAATTAAAAACAAATATCCCCAGATAAAAACTAGAAAAAAGCTATCTGTGAA","+",NA,"CP068268_39050443_39150442.fa_CP068268_39050443_39150442","CP068268_39050443_39150442"
73,98473,98643,171,"ACTGCTTTCTGATGTGTTGATTCGTCTCACAGATTTAAATTTTCTTTTGATTCAGCAGGTTGGAATCACTCTTTTTGGAGAATCTGCGAAGGGACATTTGAGACTCCATTGAGGCCTATGGGGAAAAATCAAATATTTACAGGTAAAACCTAGAAAGAATCTGTCTGTGAA","+",NA,"CP068268_39050443_39150442.fa_CP068268_39050443_39150442","CP068268_39050443_39150442"
