"start","end","width","seq","strand"
174,346,173,"TTGTGGTGTATGCATTCATCTTGCAGGGTTAATCTTTTCTTTGGATTTGGGAGGTTGGAAACACTGTTTTTGTAGAATCTGTGAAGGCACATTTGGGAGCTCACTGTGGCCAATGGCGAAAAAATGAATATCCCAGGACAAAAACCTAAAGGAAGCTATCTGAGAAACCACTT","+"
346,517,172,"TTGTGATGTGTGCATTCATCTCACTGAGTTAAACCTTACTATGATTCAGCAGCTTGGAAACACTGTTTTTGTAGAATCTGCAAAAGAACATTTGGGAGAGCATTGAGGCCTATCATGAGAAAGGAAATATATTCAGATAAAAACTGTAAAGAAGATTTCTGAGAAACTGCTT","+"
517,689,173,"TTGTGATGTGTGCCATCATCTCACAATGTTAAACCTCTTTTTTGATCCAGCAGTTTGGAAACACCGTTTTCATAGAATCTGCGAATGGACATTTGGGAGCTCATTGAGGCCAATGGTGAAAAAGCCAATGTCCCAAGATAAAAACTGGAAAGCAGTTGCCTGAAAAACCGCTT","+"
689,860,172,"TTGTGATGTGTGCATTCAACCTGCAGAGTTAAAACTATCTTTTGATTTAGTATGTTGGAAGCAGTGTTTTTGTAGAATCTGCAAAAGGACATTTGGGAACTCATTGGGCCAATGGTGAAAATGCCAATATAACAAGATAAAAACTAGAAGGAAGCTATCTGAGAAACCACTT","+"
860,1030,171,"TTGTGATGTGTGCATTCAACTCAGAGTTAAATCTATCTTTTGATTCAGCAGTTTGGAATCAATATTTTTGTAGAATTTGCGAATGCACCTTTGGGAGATCATTCAGGCCAAAGGTGAAAAAGCCAATATCCCAAGATAAAAACTAGATGGAAGCTATGTGAGAAACCACTT","+"
1030,1200,171,"TTGTGATGTGTGCATTCAACCTGCAGAGCTAAATCTTTCTATTGATTCTGCAGTTTGGAAACTGTTTTTCTAGAATCTGTGAAAAGACATTTTGGAGTGCTCTGAGGCCTATGGTGAAAAAGAAAATATCTTCAGATAAAAACTAGAAATAAGCCATCTGACATACTGGTT","+"
1200,1372,173,"TTGTGATGTGTGCATTCATCTCACAGACTTGAACCTTTCTTTTCATTCAGTAGTTTGGAAACACAGTTTTAGTAGAATCTGGGAAAGGACATTTGGGAGCACATTGAGGCCTAAGCTGAAAAAGTAAATATCTTCTGATGAAAACCAGAAAGAAGCTTTATGCGAAAGCGCTT","+"
1374,1544,171,"TTGGTGTGTGCATTAATCTCACTGTGTTAAACCTTTCTTTTGATGCAGCAGTTTGGAAACACTGTTTGCATTCATTCTGTGAAAGGACTTTTGGAAGCTCATGTAAGTCAATGGTGAAAAAGTGAATATCTGAAGATAAAAACTAGAAGGAATATATCTGAGAAACCACTT","+"
1544,1716,173,"TTGTGATGTGTGCATTCATCTCACAGAGCTAAAACTTTCTATTGATTCAGCAGTTTGGAAACACTGTTTTTGTAGAATCTGTGAAAAGACATTTGAGAACCATTTGAGGCCTATGGTGAAAAAGAAAATATCTTCATATAAAAACTAGGAAGATGCTTTCTGACAAACTACTT","+"
1716,1888,173,"TTGTGATGTGTGCATTCATCTCAAAGAGTTAAACCTTTCTTTTGATACAATAGTTTGGTAACACTGTTTTTGTTTAATCTGGGAAAAGACATTTGGGAGTGCATTGAGGCATATGATGAAAAAGAAAATATCTTAAGATAAAAACTGGAAAGAAGTTTTCTGAGAAACTGCTT","+"
1888,2058,171,"TTGTGATGTGTGCATTCATCTCACAAAGGTAAAACTTTCTTTTGATTGAGCAGTTTGGAAACACTGTTTTTGTACAATCTGTGATTGGACATTTGGGAGCTAATTGAAGCCAATGATGAAAGAGCATATACCTCAAGATAAAAACAAAAAGGAAGCTATCTGTGAAACCTT","+"
2060,2231,172,"TTGAAATGTATGCATTCATCTCACAGATTTAAACCATACTTTTGATTCAGCAGTTTGGAAACACTGTATTGTAGATTCTGTGAAAGGACATTTTGGAGAGCATTGAGGCCTGAGGTAAAAAAGGAAATATCTTCAGATAAAAACTACAAAGAAGCTTTCCGAGAAACTGCTT","+"
2353,2520,168,"TTGTGTTGTGTGCATCTCACGAAGTTAAACCTTTCTTTTGATTCAGCAGTTTAGAAACACTGTTTTTGTACATTTTGTGAGTGTTCATTTGGGGGCTCATTGAGGTCTACGGTGAAAAATAAAATACCTTCAGATAAAAACTAAAAAGAACCTTTCTGAGAAACTGCT","+"
2522,2692,171,"TGTAATGTGTGCATTCATCTCACAGAGTTAAACCTTATCTTGATTCAGCAATTTAGAGACACTGTTTATGTACTTTCAACGAATGGACAGTTGGCAGCTCACTGAGGCCAATGATGAAAAAGAAAATATATTCGGATAAAAACTACAAAGAAGCTTTCTGAGAAACTGCTT","+"
2692,2861,170,"TTGTGATGTGAGCATTCATCTCACAGAGTTAAAGCTTTCTTTTGATTCAGCAATTTGGAAACACTGTTTTTTACATTATGTGAAAGGACACTTGAAAGTGCATTGAGGCCTATGGTGAAAAATAATATATCTTCAGATAAACACTAGAAAGAATCTTTCTGAGAAATGTT","+"
2862,3033,172,"TTTGATGCATGCATTCATTTCATAGAGTTAAAACTTTCTTTTGATTCAGCAGTTTGGAAATAATGTTTATGTACATTCTGCCAATGGACATTTGGGAACTCATTGAGGCCTGTGGTGAAAAATCATACATCCCAAGATAAAAACTAGAGGGAAGCTATCTGAGAAACCACTT","+"
3033,3205,173,"TTGTGATGTGTGCATTCATCTCACAGAAATAAACCTTTCTTTTCATTTAGCAGTTTGGAAACACTGTTTTTATAGATTCTGTGAAAAGACATTTTGGAGCACAATTAAGACTATGGTGAAAAAGAAATTATCTTCAGATAAAAACTGGAAAGAGTCTTTCTGAGAAACTGCTT","+"
3205,3373,169,"TTGTGATGTGTGCAGTTATCTCACAGAGTTATTCATTTGATTTAGCAGTTTGGAAACACCATTTTTTTTGCATTCTGGGAATGGACATTTGCGAGCTTATTGAGGCCTATAGTGAAGGCGAAAATATCTTCAGATAAAAACTAGAAAGAAGCTTTCTGATAGGCTGCTT","+"
3373,3539,167,"TTGTGATGTCTGCTTTCATCTCACAGAGTGAATCCTTTCTTTTCATTCAGTGGTTTGGAAACACTGTCTTTGTATAGTCTGTGAAAGGCCATTTGAGAGCTCATTGGGGCCAAAGGCAAATAAGTGAATATCCCAGCATAAAAACTAAAAGGAAGCTATGTGATGTT","+"
